-- --------------------------------------------------------
-- Host:                         127.0.0.1
-- Server version:               10.4.32-MariaDB - mariadb.org binary distribution
-- Server OS:                    Win64
-- HeidiSQL Version:             12.8.0.6908
-- --------------------------------------------------------

/*!40101 SET @OLD_CHARACTER_SET_CLIENT=@@CHARACTER_SET_CLIENT */;
/*!40101 SET NAMES utf8 */;
/*!50503 SET NAMES utf8mb4 */;
/*!40103 SET @OLD_TIME_ZONE=@@TIME_ZONE */;
/*!40103 SET TIME_ZONE='+00:00' */;
/*!40014 SET @OLD_FOREIGN_KEY_CHECKS=@@FOREIGN_KEY_CHECKS, FOREIGN_KEY_CHECKS=0 */;
/*!40101 SET @OLD_SQL_MODE=@@SQL_MODE, SQL_MODE='NO_AUTO_VALUE_ON_ZERO' */;
/*!40111 SET @OLD_SQL_NOTES=@@SQL_NOTES, SQL_NOTES=0 */;


-- Dumping database structure for invesoft
CREATE DATABASE IF NOT EXISTS `invesoft` /*!40100 DEFAULT CHARACTER SET utf8 COLLATE utf8_unicode_ci */;
USE `invesoft`;

-- Dumping structure for table invesoft.kategorije
CREATE TABLE IF NOT EXISTS `kategorije` (
  `kategorijaID` int(10) unsigned NOT NULL AUTO_INCREMENT,
  `naziv` varchar(255) NOT NULL,
  PRIMARY KEY (`kategorijaID`)
) ENGINE=InnoDB AUTO_INCREMENT=6 DEFAULT CHARSET=utf8mb4 COLLATE=utf8mb4_unicode_ci;

-- Dumping data for table invesoft.kategorije: ~5 rows (approximately)
INSERT INTO `kategorije` (`kategorijaID`, `naziv`) VALUES
	(1, 'Mobilni telefoni'),
	(2, 'Laptopovi i računari'),
	(3, 'Televizori i monitori'),
	(4, 'Audio oprema'),
	(5, 'Komponente i dodaci');

-- Dumping structure for table invesoft.korisnici
CREATE TABLE IF NOT EXISTS `korisnici` (
  `korisnikID` int(10) unsigned NOT NULL AUTO_INCREMENT,
  `ime` varchar(64) NOT NULL,
  `prezime` varchar(64) NOT NULL,
  `email` varchar(255) NOT NULL,
  `password` varchar(255) NOT NULL,
  PRIMARY KEY (`korisnikID`),
  UNIQUE KEY `uq_korisnici_email` (`email`)
) ENGINE=InnoDB AUTO_INCREMENT=23 DEFAULT CHARSET=utf8mb4 COLLATE=utf8mb4_unicode_ci;

-- Dumping data for table invesoft.korisnici: ~16 rows (approximately)
INSERT INTO `korisnici` (`korisnikID`, `ime`, `prezime`, `email`, `password`) VALUES
	(2, 'Anabela', 'Petrović', 'anabela.petrovic@invesoft.com', 'AnaPet#456'),
	(3, 'Marko', 'Nikolić', 'marko.nikolic@invesoft.com', 'MarkoN!789'),
	(4, 'Ivan', 'Popović', 'ivan.popovic@invesoft.com', 'IvaPoP@321'),
	(5, 'Jelena', 'Marković', 'jelena.markovic@invesoft.com', 'JeLeNa%654'),
	(6, 'Stefan', 'Kovačević', 'stefan.kovacevic@invesoft.com', 'SteFaN$876'),
	(7, 'Maja', 'Stojanović', 'maja.stojanovic@invesoft.com', 'MajA#112'),
	(8, 'Nikola', 'Ilić', 'nikola.ilic@invesoft.com', 'NikILiC!344'),
	(9, 'Dragana', 'Simić', 'dragana.simic@invesoft.com', 'DraSim@559'),
	(10, 'Aleksandar', 'Pavlović', 'aleksandar.pavlovic@invesoft.com', 'AleksaP&788'),
	(13, 'Goran', 'Suvacarev', 'goran@gmail.com', '$2y$10$bMosiRSZPlzxRCZyPPTyfujVOQH2rQ3KDlMCHAcWEc0xXNOMDAOQC'),
	(14, 'Luka', 'Tasic', 'admin@invesoft.com', '$2y$10$cG5JgWrQL/Y6F84yekvxAelXoFkxl9PssR/X1FI.PsfdJpv05rScS'),
	(15, 'Milos', 'Vidakovic', 'milos@gmail.com', '$2y$10$ieVASttBfxrKlvPO72hmCud8Ko.RZhORfHTgxLKY43q9ubbzWNW5W'),
	(19, 'Zeljko', 'Grbic', 'zeljko@gmail.com', '$2y$10$2rTZoFrtJ3y5AtpK4odV3.AnLFjysjnLC6KUBMf14VYs1DGTk2W1K'),
	(20, 'Andrija', 'Tasic', 'admin@gmail.com', '$2y$10$OmIHrWYje9o4NjBjV/Wva.kl7HcaIpf0hsaF26SRJdMA6feHk6bRG'),
	(21, 'Mita', 'Tasic', 'mita@gmail.com', '$2y$10$mzVcuhKDOe.EFm3NqEchQ.2n7kmKa2dGFPUqEWgO051n8UeW8J8PW'),
	(22, 'Burica', 'Buricanstveni', 'burica@buricanstveni.com', '$2y$10$m18eguCURKnlNc/xt7gTNuyKAVXMz8.FSLqCMggTA4b5DDJCRg8QO');

-- Dumping structure for table invesoft.korisnik_role
CREATE TABLE IF NOT EXISTS `korisnik_role` (
  `korisnik_rolaID` int(10) unsigned NOT NULL AUTO_INCREMENT,
  `korisnikID` int(10) unsigned NOT NULL,
  `rolaID` int(10) unsigned NOT NULL,
  PRIMARY KEY (`korisnik_rolaID`),
  KEY `fk_korisnik_role_korisnikID` (`korisnikID`),
  KEY `fk_korisnik_role_rolaID` (`rolaID`),
  CONSTRAINT `fk_korisnik_role_korisnikID` FOREIGN KEY (`korisnikID`) REFERENCES `korisnici` (`korisnikID`) ON UPDATE CASCADE,
  CONSTRAINT `fk_korisnik_role_rolaID` FOREIGN KEY (`rolaID`) REFERENCES `role` (`rolaID`) ON UPDATE CASCADE
) ENGINE=InnoDB AUTO_INCREMENT=23 DEFAULT CHARSET=utf8mb4 COLLATE=utf8mb4_unicode_ci;

-- Dumping data for table invesoft.korisnik_role: ~13 rows (approximately)
INSERT INTO `korisnik_role` (`korisnik_rolaID`, `korisnikID`, `rolaID`) VALUES
	(2, 2, 2),
	(3, 3, 2),
	(4, 4, 2),
	(5, 5, 2),
	(6, 6, 2),
	(7, 7, 2),
	(8, 8, 2),
	(9, 9, 2),
	(10, 10, 2),
	(14, 14, 1),
	(15, 15, 2),
	(20, 20, 1),
	(21, 21, 2),
	(22, 22, 1);

-- Dumping structure for table invesoft.proizvodi
CREATE TABLE IF NOT EXISTS `proizvodi` (
  `proizvodID` int(10) unsigned NOT NULL AUTO_INCREMENT,
  `naziv` varchar(128) NOT NULL,
  `opis` varchar(255) NOT NULL,
  `cena` decimal(10,2) unsigned NOT NULL,
  `kategorijaID` int(10) unsigned NOT NULL,
  PRIMARY KEY (`proizvodID`),
  KEY `fk_proizvodi_kategorijaID` (`kategorijaID`),
  CONSTRAINT `fk_proizvodi_kategorijaID` FOREIGN KEY (`kategorijaID`) REFERENCES `kategorije` (`kategorijaID`) ON UPDATE CASCADE
) ENGINE=InnoDB AUTO_INCREMENT=55 DEFAULT CHARSET=utf8mb4 COLLATE=utf8mb4_unicode_ci;

-- Dumping data for table invesoft.proizvodi: ~50 rows (approximately)
INSERT INTO `proizvodi` (`proizvodID`, `naziv`, `opis`, `cena`, `kategorijaID`) VALUES
	(1, 'iPhone 14', 'Apple pametni telefon sa 128GB memorije', 999.99, 1),
	(2, 'Samsung Galaxy S23', 'Samsung pametni telefon sa 256GB memorije', 899.99, 1),
	(3, 'Xiaomi Redmi Note 12', 'Xiaomi pametni telefon sa 128GB memorije', 299.99, 1),
	(4, 'Google Pixel 7', 'Google pametni telefon sa 128GB memorije', 799.99, 1),
	(5, 'OnePlus 11', 'OnePlus pametni telefon sa 256GB memorije', 699.99, 1),
	(6, 'Huawei P60 Pro', 'Huawei pametni telefon sa 512GB memorije', 1099.99, 1),
	(7, 'Sony Xperia 5', 'Sony pametni telefon sa 256GB memorije', 849.99, 1),
	(8, 'Oppo Find X6', 'Oppo pametni telefon sa 128GB memorije', 749.99, 1),
	(9, 'Vivo X90 Pro', 'Vivo pametni telefon sa 256GB memorije', 699.99, 1),
	(10, 'Motorola Edge 40', 'Motorola pametni telefon sa 128GB memorije', 499.99, 1),
	(11, 'Dell XPS 13', 'Dell ultrabook sa Intel i7 procesorom i 16GB RAM-a', 1299.99, 2),
	(12, 'MacBook Pro 14"', 'Apple laptop sa M2 čipom i 512GB SSD-a', 1999.99, 2),
	(13, 'HP Spectre x360', 'HP konvertibilni laptop sa 16GB RAM-a', 1499.99, 2),
	(14, 'Lenovo ThinkPad X1 Carbon', 'Lenovo poslovni laptop sa 1TB SSD-a', 1699.99, 2),
	(15, 'Asus ROG Zephyrus', 'Gaming laptop sa RTX 3080 grafičkom kartom', 2299.99, 2),
	(16, 'Acer Aspire 5', 'Acer laptop sa Intel i5 procesorom i 256GB SSD-a', 599.99, 2),
	(17, 'MSI Creator Z16', 'MSI laptop za kreativce sa 32GB RAM-a', 2599.99, 2),
	(18, 'Microsoft Surface Laptop 5', 'Microsoft laptop sa 512GB SSD-a', 1399.99, 2),
	(19, 'Razer Blade 15', 'Razer gaming laptop sa RTX 3070 grafičkom kartom', 1999.99, 2),
	(20, 'Huawei MateBook X Pro', 'Huawei laptop sa 16GB RAM-a', 1299.99, 2),
	(21, 'LG OLED C3', 'LG OLED 4K televizor sa HDR podrškom', 1499.99, 3),
	(22, 'Samsung QN90B', 'Samsung QLED televizor sa 120Hz osvežavanjem', 1299.99, 3),
	(23, 'Sony Bravia XR', 'Sony 4K televizor sa Dolby Vision podrškom', 1799.99, 3),
	(24, 'TCL 6-Series', 'TCL 4K televizor sa mini-LED tehnologijom', 899.99, 3),
	(25, 'Vizio M-Series Quantum', 'Vizio televizor sa Quantum Dot tehnologijom', 799.99, 3),
	(26, 'Philips Ambilight OLED', 'Philips OLED televizor sa Ambilight efektima', 1999.99, 3),
	(27, 'Dell UltraSharp U2723QE', 'Dell 27" 4K monitor sa IPS panelom', 699.99, 3),
	(28, 'LG UltraGear 27GP950', 'LG gaming monitor sa 144Hz osvežavanjem', 899.99, 3),
	(29, 'BenQ PD3220U', 'BenQ 32" 4K monitor za dizajnere', 1199.99, 3),
	(30, 'ASUS ProArt PA32UCX', 'ASUS profesionalni 4K monitor', 2399.99, 3),
	(31, 'Sony WH-1000XM5', 'Sony bežične slušalice sa poništavanjem buke', 399.99, 4),
	(32, 'Bose QuietComfort 45', 'Bose slušalice sa poništavanjem buke', 349.99, 4),
	(33, 'JBL Flip 6', 'JBL prenosivi Bluetooth zvučnik', 129.99, 4),
	(34, 'Apple AirPods Pro', 'Apple bežične slušalice sa aktivnim poništavanjem buke', 249.99, 4),
	(35, 'Samsung Galaxy Buds2 Pro', 'Samsung bežične slušalice sa 360 Audio podrškom', 229.99, 4),
	(36, 'Sennheiser HD 660S', 'Sennheiser slušalice za audiofile', 499.99, 4),
	(37, 'Logitech G Pro X', 'Logitech gaming slušalice sa mikrofonom', 129.99, 4),
	(38, 'Sonos One', 'Sonos pametni zvučnik sa Alexa podrškom', 199.99, 4),
	(39, 'Audio-Technica ATH-M50X', 'Audio-Technica profesionalne studijske slušalice', 149.99, 4),
	(40, 'Yamaha HS8', 'Yamaha studijski monitor zvučnik', 349.99, 4),
	(41, 'Intel Core i9-13900K', 'Intel procesor 13. generacije sa 24 jezgra', 599.99, 5),
	(42, 'AMD Ryzen 9 7950X', 'AMD procesor sa 16 jezgara i AM5 socketom', 549.99, 5),
	(43, 'NVIDIA GeForce RTX 4090', 'Najnovija NVIDIA grafička karta', 1599.99, 5),
	(44, 'Corsair Vengeance RGB Pro', '16GB DDR4 RAM sa RGB osvetljenjem', 99.99, 5),
	(45, 'Samsung 980 Pro SSD', 'Samsung NVMe SSD od 1TB', 149.99, 5),
	(46, 'ASUS ROG Strix Z790-E', 'ASUS matična ploča za gaming', 349.99, 5),
	(47, 'Cooler Master Hyper 212', 'Cooler za CPU sa odličnim performansama', 49.99, 5),
	(48, 'Logitech MX Master 3', 'Ergonomski bežični miš', 99.99, 5),
	(49, 'Corsair K95 RGB Platinum', 'Gaming tastatura sa mehaničkim tasterima', 199.99, 5),
	(50, 'NZXT H710i', 'Kućište za PC sa RGB osvetljenjem', 169.99, 5);

-- Dumping structure for table invesoft.promene_zaliha
CREATE TABLE IF NOT EXISTS `promene_zaliha` (
  `promenaID` int(10) unsigned NOT NULL AUTO_INCREMENT,
  `proizvodID` int(10) unsigned NOT NULL,
  `korisnikID` int(10) unsigned NOT NULL,
  `datum_promene` datetime NOT NULL,
  `tip_promene` enum('Ulaz','Izlaz') NOT NULL,
  `kolicina` int(10) unsigned NOT NULL,
  PRIMARY KEY (`promenaID`),
  KEY `fk_promene_zaliha_proizvodID` (`proizvodID`),
  KEY `fk_promene_zaliha_korisnikID` (`korisnikID`),
  CONSTRAINT `fk_promene_zaliha_korisnikID` FOREIGN KEY (`korisnikID`) REFERENCES `korisnici` (`korisnikID`) ON UPDATE CASCADE,
  CONSTRAINT `fk_promene_zaliha_proizvodID` FOREIGN KEY (`proizvodID`) REFERENCES `proizvodi` (`proizvodID`) ON UPDATE CASCADE
) ENGINE=InnoDB AUTO_INCREMENT=1001 DEFAULT CHARSET=utf8mb4 COLLATE=utf8mb4_unicode_ci;

-- Dumping data for table invesoft.promene_zaliha: ~995 rows (approximately)
INSERT INTO `promene_zaliha` (`promenaID`, `proizvodID`, `korisnikID`, `datum_promene`, `tip_promene`, `kolicina`) VALUES
	(4, 1, 14, '2024-11-23 14:28:11', 'Izlaz', 1),
	(5, 1, 14, '2024-11-23 14:40:05', 'Ulaz', 10),
	(6, 2, 14, '2024-11-23 14:56:52', 'Ulaz', 100),
	(7, 2, 14, '2024-11-24 17:18:51', 'Ulaz', 200),
	(8, 2, 14, '2024-11-24 17:18:57', 'Izlaz', 150),
	(9, 2, 14, '2024-11-24 17:19:03', 'Ulaz', 20),
	(10, 2, 14, '2024-11-24 17:19:10', 'Izlaz', 50),
	(11, 2, 14, '2024-11-24 17:31:23', 'Ulaz', 20),
	(12, 8, 14, '2024-11-24 17:32:25', 'Ulaz', 100),
	(13, 8, 14, '2024-11-24 17:32:32', 'Izlaz', 40),
	(14, 8, 14, '2024-11-24 17:32:40', 'Ulaz', 20),
	(15, 8, 14, '2024-11-24 17:32:45', 'Ulaz', 80),
	(16, 8, 14, '2024-11-24 17:32:56', 'Izlaz', 50),
	(17, 8, 14, '2024-11-24 17:36:35', 'Izlaz', 40),
	(18, 1, 13, '2024-11-24 17:50:07', 'Ulaz', 10),
	(19, 1, 19, '2024-11-24 22:54:54', 'Ulaz', 80),
	(20, 1, 19, '2024-11-24 22:55:04', 'Izlaz', 30),
	(21, 1, 19, '2024-11-24 22:55:10', 'Ulaz', 50),
	(22, 2, 15, '2024-11-24 22:58:42', 'Ulaz', 20),
	(23, 8, 14, '2024-11-24 23:30:06', 'Ulaz', 100),
	(24, 1, 15, '2024-11-24 23:37:01', 'Ulaz', 30),
	(25, 8, 15, '2024-11-24 23:37:06', 'Ulaz', 30),
	(26, 7, 15, '2024-11-24 23:37:11', 'Ulaz', 30),
	(27, 1, 21, '2024-11-25 11:06:01', 'Ulaz', 10),
	(28, 1, 21, '2024-11-25 11:06:06', 'Izlaz', 10),
	(30, 7, 21, '2024-11-25 11:21:29', 'Ulaz', 125),
	(31, 6, 21, '2024-11-25 11:21:39', 'Ulaz', 60),
	(32, 1, 21, '2024-11-25 11:21:49', 'Izlaz', 50),
	(34, 1, 15, '2024-11-25 19:24:06', 'Ulaz', 10),
	(35, 9, 15, '2024-11-25 19:24:17', 'Izlaz', 15),
	(36, 1, 14, '2024-11-26 15:40:37', 'Ulaz', 100),
	(37, 2, 14, '2024-11-26 15:40:43', 'Ulaz', 100),
	(38, 8, 14, '2024-11-26 15:40:51', 'Ulaz', 100),
	(39, 38, 14, '2024-06-26 16:09:03', 'Ulaz', 33),
	(40, 37, 14, '2024-05-18 18:53:06', 'Izlaz', 99),
	(41, 29, 14, '2024-03-23 09:19:00', 'Izlaz', 5),
	(42, 12, 14, '2024-05-27 09:58:03', 'Ulaz', 38),
	(43, 44, 14, '2024-03-31 02:37:51', 'Izlaz', 94),
	(44, 24, 14, '2024-03-18 08:27:10', 'Ulaz', 22),
	(45, 30, 14, '2023-12-18 21:29:44', 'Ulaz', 51),
	(46, 40, 14, '2024-04-20 23:42:16', 'Izlaz', 17),
	(47, 4, 14, '2024-09-14 05:37:11', 'Ulaz', 64),
	(48, 38, 14, '2024-10-05 14:53:52', 'Ulaz', 74),
	(49, 30, 14, '2024-08-14 03:06:10', 'Ulaz', 3),
	(50, 18, 14, '2024-06-30 01:50:27', 'Izlaz', 78),
	(51, 50, 14, '2024-03-29 07:04:38', 'Izlaz', 75),
	(52, 35, 14, '2024-03-14 00:32:56', 'Izlaz', 4),
	(53, 19, 14, '2024-02-23 03:14:28', 'Ulaz', 35),
	(54, 45, 14, '2024-03-18 08:08:10', 'Izlaz', 48),
	(55, 26, 14, '2024-10-31 11:24:23', 'Ulaz', 72),
	(56, 26, 14, '2024-02-04 19:26:26', 'Ulaz', 47),
	(57, 17, 14, '2024-08-20 02:39:28', 'Izlaz', 56),
	(58, 49, 14, '2024-03-28 06:49:59', 'Ulaz', 53),
	(59, 41, 14, '2024-11-23 23:18:06', 'Izlaz', 81),
	(60, 35, 14, '2024-06-23 03:23:51', 'Ulaz', 90),
	(61, 48, 14, '2024-10-21 03:21:43', 'Ulaz', 94),
	(62, 2, 14, '2024-09-29 15:45:30', 'Ulaz', 94),
	(63, 19, 14, '2024-08-09 06:50:58', 'Izlaz', 74),
	(64, 19, 14, '2024-03-15 01:30:32', 'Izlaz', 36),
	(65, 21, 14, '2024-10-06 13:19:16', 'Ulaz', 79),
	(66, 3, 14, '2024-08-05 05:24:40', 'Ulaz', 5),
	(67, 9, 14, '2024-05-07 08:05:13', 'Izlaz', 33),
	(68, 20, 14, '2023-12-13 10:35:11', 'Ulaz', 52),
	(69, 11, 14, '2024-03-12 04:55:37', 'Izlaz', 41),
	(70, 47, 14, '2023-12-21 19:45:26', 'Ulaz', 9),
	(71, 42, 14, '2024-11-23 08:54:40', 'Ulaz', 32),
	(72, 16, 14, '2024-06-15 06:04:18', 'Ulaz', 89),
	(73, 26, 14, '2023-12-09 08:03:14', 'Ulaz', 42),
	(74, 5, 14, '2024-11-23 16:04:42', 'Ulaz', 82),
	(75, 37, 14, '2024-01-16 18:52:56', 'Izlaz', 85),
	(76, 7, 14, '2024-10-30 04:51:34', 'Izlaz', 45),
	(77, 25, 14, '2023-12-03 14:47:42', 'Izlaz', 64),
	(78, 15, 14, '2024-01-11 16:16:40', 'Ulaz', 1),
	(79, 25, 14, '2024-05-12 23:52:41', 'Ulaz', 7),
	(80, 4, 14, '2024-07-31 11:42:24', 'Izlaz', 51),
	(81, 38, 14, '2024-10-28 02:17:23', 'Izlaz', 64),
	(82, 33, 14, '2024-04-14 01:14:22', 'Izlaz', 78),
	(83, 34, 14, '2024-03-04 09:57:18', 'Ulaz', 55),
	(84, 26, 14, '2024-08-29 04:28:09', 'Izlaz', 46),
	(85, 29, 14, '2023-12-21 18:16:40', 'Izlaz', 25),
	(86, 17, 14, '2024-09-17 08:21:48', 'Ulaz', 20),
	(87, 39, 14, '2024-03-16 11:46:16', 'Ulaz', 91),
	(88, 18, 14, '2024-11-17 18:47:00', 'Ulaz', 50),
	(89, 2, 14, '2023-12-29 16:40:23', 'Izlaz', 52),
	(90, 30, 14, '2024-08-04 00:07:55', 'Ulaz', 91),
	(91, 38, 14, '2024-06-29 23:52:10', 'Ulaz', 41),
	(92, 17, 14, '2024-05-16 11:46:21', 'Izlaz', 46),
	(93, 18, 14, '2024-01-11 04:27:21', 'Izlaz', 79),
	(94, 47, 14, '2023-12-04 11:26:56', 'Izlaz', 42),
	(95, 40, 14, '2024-01-27 21:10:10', 'Ulaz', 60),
	(96, 35, 14, '2024-03-13 06:30:10', 'Ulaz', 54),
	(97, 37, 14, '2024-11-07 03:18:31', 'Izlaz', 3),
	(98, 41, 14, '2024-01-20 12:49:11', 'Ulaz', 51),
	(99, 15, 14, '2024-06-10 03:05:28', 'Ulaz', 11),
	(100, 37, 14, '2024-06-08 07:19:57', 'Ulaz', 97),
	(101, 24, 14, '2024-02-14 18:00:44', 'Izlaz', 94),
	(102, 9, 14, '2024-03-21 01:48:34', 'Izlaz', 98),
	(103, 35, 14, '2024-06-04 17:20:28', 'Izlaz', 80),
	(104, 1, 14, '2023-12-14 16:42:15', 'Ulaz', 59),
	(105, 32, 14, '2024-01-12 23:09:30', 'Izlaz', 93),
	(106, 3, 14, '2024-01-26 16:30:05', 'Ulaz', 13),
	(107, 3, 14, '2024-03-18 13:08:42', 'Izlaz', 41),
	(108, 13, 14, '2024-02-25 19:55:50', 'Izlaz', 18),
	(109, 23, 14, '2024-05-24 06:52:26', 'Izlaz', 77),
	(110, 26, 14, '2024-03-25 09:24:07', 'Ulaz', 26),
	(111, 9, 14, '2024-05-19 01:30:41', 'Izlaz', 25),
	(112, 38, 14, '2024-05-04 05:09:38', 'Izlaz', 91),
	(113, 7, 14, '2023-12-23 15:43:02', 'Ulaz', 99),
	(114, 46, 14, '2024-04-11 02:51:36', 'Ulaz', 30),
	(115, 49, 14, '2024-08-02 19:53:25', 'Izlaz', 3),
	(116, 2, 14, '2024-03-14 12:43:12', 'Ulaz', 54),
	(117, 18, 14, '2024-11-09 02:15:10', 'Ulaz', 62),
	(118, 32, 14, '2024-02-08 05:36:31', 'Ulaz', 68),
	(119, 29, 14, '2024-08-31 17:07:15', 'Izlaz', 86),
	(120, 26, 14, '2024-07-03 18:10:42', 'Ulaz', 31),
	(121, 33, 14, '2024-02-16 01:26:18', 'Ulaz', 19),
	(122, 26, 14, '2024-06-19 10:48:59', 'Izlaz', 43),
	(123, 50, 14, '2024-05-28 08:51:13', 'Ulaz', 22),
	(124, 12, 14, '2024-05-06 20:49:01', 'Izlaz', 61),
	(125, 11, 14, '2023-12-28 14:58:42', 'Ulaz', 82),
	(126, 44, 14, '2024-03-27 23:38:59', 'Ulaz', 50),
	(127, 24, 14, '2024-08-03 02:35:53', 'Ulaz', 43),
	(128, 45, 14, '2024-10-06 09:43:26', 'Izlaz', 95),
	(129, 50, 14, '2024-01-27 05:33:10', 'Izlaz', 90),
	(130, 28, 14, '2023-12-09 14:37:26', 'Izlaz', 42),
	(131, 50, 14, '2024-03-04 09:44:15', 'Ulaz', 5),
	(132, 38, 14, '2024-11-24 00:22:06', 'Ulaz', 89),
	(133, 19, 14, '2024-10-21 02:59:11', 'Ulaz', 80),
	(134, 27, 14, '2024-03-25 04:00:05', 'Izlaz', 21),
	(135, 21, 14, '2024-02-11 19:36:49', 'Ulaz', 36),
	(136, 14, 14, '2024-03-04 11:31:58', 'Izlaz', 63),
	(137, 11, 14, '2024-07-04 08:19:04', 'Ulaz', 43),
	(138, 3, 14, '2024-01-29 23:18:42', 'Ulaz', 93),
	(139, 24, 14, '2024-06-21 23:41:12', 'Ulaz', 40),
	(140, 9, 14, '2024-08-28 10:39:47', 'Ulaz', 27),
	(141, 14, 14, '2024-05-11 21:18:34', 'Ulaz', 85),
	(142, 40, 14, '2024-03-28 15:48:04', 'Izlaz', 32),
	(143, 10, 14, '2024-07-07 19:05:08', 'Izlaz', 92),
	(144, 30, 14, '2024-03-02 20:39:45', 'Ulaz', 59),
	(145, 17, 14, '2024-08-10 13:29:26', 'Ulaz', 11),
	(146, 13, 14, '2024-09-07 04:26:23', 'Izlaz', 41),
	(147, 46, 14, '2024-03-13 04:28:23', 'Ulaz', 25),
	(148, 35, 14, '2024-01-16 06:44:42', 'Ulaz', 88),
	(149, 17, 14, '2024-02-19 16:03:04', 'Ulaz', 30),
	(150, 6, 14, '2024-09-06 12:12:17', 'Ulaz', 8),
	(151, 31, 14, '2024-01-17 20:35:32', 'Izlaz', 62),
	(152, 1, 14, '2024-07-25 22:28:43', 'Izlaz', 81),
	(153, 28, 14, '2024-05-25 07:24:53', 'Izlaz', 70),
	(154, 9, 14, '2024-09-29 05:08:28', 'Izlaz', 22),
	(155, 2, 14, '2024-01-30 04:36:32', 'Izlaz', 75),
	(156, 18, 14, '2024-10-14 19:01:31', 'Ulaz', 9),
	(157, 21, 14, '2024-10-20 20:15:04', 'Izlaz', 58),
	(158, 47, 14, '2024-01-23 08:33:22', 'Ulaz', 10),
	(159, 25, 14, '2024-04-26 13:51:01', 'Ulaz', 100),
	(160, 48, 14, '2024-03-25 02:22:19', 'Ulaz', 64),
	(161, 22, 14, '2024-02-22 19:26:23', 'Izlaz', 88),
	(162, 18, 14, '2024-01-19 09:12:50', 'Izlaz', 14),
	(163, 12, 14, '2024-08-14 21:00:22', 'Ulaz', 22),
	(164, 31, 14, '2024-06-02 09:27:50', 'Izlaz', 23),
	(165, 8, 14, '2024-02-20 18:57:24', 'Izlaz', 54),
	(166, 20, 14, '2024-03-21 17:42:51', 'Izlaz', 67),
	(167, 36, 14, '2024-02-10 02:07:17', 'Izlaz', 56),
	(168, 32, 14, '2024-08-09 23:08:16', 'Ulaz', 97),
	(169, 35, 14, '2024-05-06 10:43:16', 'Ulaz', 26),
	(170, 31, 14, '2024-07-20 07:44:17', 'Izlaz', 72),
	(171, 21, 14, '2024-08-10 20:39:44', 'Izlaz', 78),
	(172, 32, 14, '2024-06-17 23:57:05', 'Izlaz', 51),
	(173, 46, 14, '2024-01-24 22:35:16', 'Izlaz', 9),
	(174, 14, 14, '2024-04-04 15:39:29', 'Izlaz', 24),
	(175, 4, 14, '2024-07-19 10:20:30', 'Izlaz', 92),
	(176, 17, 14, '2024-02-17 20:39:31', 'Izlaz', 41),
	(177, 42, 14, '2024-02-20 04:44:11', 'Izlaz', 35),
	(178, 26, 14, '2024-02-22 05:18:02', 'Izlaz', 32),
	(179, 33, 14, '2024-09-08 00:33:58', 'Ulaz', 80),
	(180, 40, 14, '2024-06-08 11:36:37', 'Ulaz', 54),
	(181, 25, 14, '2024-11-01 11:19:54', 'Izlaz', 73),
	(182, 7, 14, '2024-11-06 09:41:27', 'Ulaz', 48),
	(183, 17, 14, '2023-12-28 03:05:19', 'Izlaz', 9),
	(184, 46, 14, '2024-02-25 00:34:26', 'Izlaz', 73),
	(185, 26, 14, '2024-06-13 08:26:26', 'Izlaz', 26),
	(186, 17, 14, '2024-10-17 22:55:26', 'Ulaz', 88),
	(187, 32, 14, '2024-07-07 19:19:02', 'Ulaz', 12),
	(188, 37, 14, '2024-09-28 23:14:49', 'Ulaz', 83),
	(189, 20, 14, '2024-08-05 04:59:14', 'Izlaz', 19),
	(190, 15, 14, '2024-01-12 15:09:57', 'Izlaz', 54),
	(191, 29, 14, '2024-04-25 21:40:46', 'Izlaz', 36),
	(192, 24, 14, '2024-10-03 17:03:13', 'Izlaz', 34),
	(193, 26, 14, '2024-09-11 19:15:51', 'Ulaz', 6),
	(194, 20, 14, '2024-03-14 00:38:18', 'Ulaz', 22),
	(195, 26, 14, '2024-03-16 04:02:06', 'Izlaz', 32),
	(196, 41, 14, '2024-04-08 14:07:38', 'Ulaz', 31),
	(197, 12, 14, '2024-09-03 17:18:58', 'Ulaz', 66),
	(198, 16, 14, '2024-06-22 22:11:48', 'Ulaz', 7),
	(199, 23, 14, '2024-07-17 15:58:35', 'Ulaz', 21),
	(200, 8, 14, '2024-02-20 23:08:18', 'Izlaz', 40),
	(201, 2, 14, '2024-04-16 18:44:39', 'Ulaz', 80),
	(202, 17, 14, '2023-11-30 05:08:56', 'Ulaz', 1),
	(203, 18, 14, '2024-10-07 22:21:51', 'Izlaz', 76),
	(204, 11, 14, '2024-11-14 14:05:47', 'Izlaz', 51),
	(205, 50, 14, '2024-04-21 07:16:57', 'Izlaz', 60),
	(206, 6, 14, '2024-06-26 19:22:37', 'Izlaz', 94),
	(207, 41, 14, '2024-05-19 16:11:44', 'Izlaz', 2),
	(208, 34, 14, '2024-08-10 23:28:14', 'Izlaz', 69),
	(209, 37, 14, '2023-12-27 19:33:39', 'Ulaz', 55),
	(210, 12, 14, '2023-12-16 08:24:16', 'Ulaz', 76),
	(211, 35, 14, '2024-01-06 07:44:20', 'Izlaz', 10),
	(212, 20, 14, '2024-02-28 20:16:32', 'Izlaz', 6),
	(213, 5, 14, '2024-04-11 08:42:42', 'Ulaz', 2),
	(214, 3, 14, '2024-10-24 23:42:11', 'Ulaz', 34),
	(215, 28, 14, '2024-06-23 19:05:26', 'Izlaz', 13),
	(216, 21, 14, '2024-02-26 20:03:59', 'Izlaz', 55),
	(217, 23, 14, '2024-06-18 23:53:04', 'Izlaz', 37),
	(218, 39, 14, '2024-06-16 09:28:34', 'Izlaz', 93),
	(219, 35, 14, '2024-01-16 04:02:27', 'Ulaz', 47),
	(220, 4, 14, '2024-10-26 04:01:19', 'Izlaz', 43),
	(221, 6, 14, '2024-04-04 12:11:56', 'Izlaz', 5),
	(222, 24, 14, '2024-01-02 21:17:31', 'Izlaz', 12),
	(223, 10, 14, '2024-04-18 09:11:27', 'Ulaz', 13),
	(224, 30, 14, '2024-06-07 11:59:40', 'Ulaz', 93),
	(225, 37, 14, '2023-12-08 19:30:02', 'Izlaz', 69),
	(226, 33, 14, '2024-07-31 08:06:19', 'Izlaz', 99),
	(227, 11, 14, '2024-09-15 09:02:59', 'Izlaz', 29),
	(228, 28, 14, '2024-08-27 23:21:26', 'Izlaz', 80),
	(229, 48, 14, '2024-07-28 09:28:41', 'Ulaz', 34),
	(230, 47, 14, '2023-12-03 06:26:48', 'Ulaz', 96),
	(231, 34, 14, '2024-05-18 07:38:05', 'Ulaz', 35),
	(232, 48, 14, '2024-03-07 05:07:53', 'Izlaz', 14),
	(233, 19, 14, '2024-07-15 08:28:10', 'Ulaz', 87),
	(234, 2, 14, '2024-06-15 11:15:00', 'Izlaz', 54),
	(235, 44, 14, '2024-09-25 21:27:37', 'Izlaz', 24),
	(236, 40, 14, '2024-07-26 07:13:30', 'Izlaz', 72),
	(237, 36, 14, '2024-10-25 05:54:37', 'Ulaz', 38),
	(238, 16, 14, '2024-09-20 02:12:53', 'Izlaz', 100),
	(239, 31, 14, '2024-09-16 08:59:59', 'Izlaz', 93),
	(240, 18, 14, '2024-02-22 08:32:44', 'Ulaz', 56),
	(241, 50, 14, '2023-12-19 03:29:51', 'Ulaz', 12),
	(242, 42, 14, '2024-10-17 20:13:03', 'Ulaz', 70),
	(243, 18, 14, '2024-05-21 11:14:40', 'Ulaz', 93),
	(244, 27, 14, '2024-01-13 23:12:51', 'Ulaz', 75),
	(245, 39, 14, '2024-10-17 23:25:51', 'Ulaz', 20),
	(246, 44, 14, '2024-09-26 19:00:59', 'Ulaz', 43),
	(247, 7, 14, '2024-01-30 12:06:28', 'Ulaz', 34),
	(248, 1, 14, '2024-05-19 19:59:34', 'Ulaz', 75),
	(249, 16, 14, '2023-12-22 14:26:22', 'Ulaz', 33),
	(250, 21, 14, '2023-12-30 06:48:24', 'Ulaz', 11),
	(251, 30, 14, '2024-01-25 09:56:33', 'Ulaz', 40),
	(252, 36, 14, '2024-11-18 02:38:27', 'Ulaz', 8),
	(253, 26, 14, '2024-01-05 17:24:50', 'Izlaz', 92),
	(254, 1, 14, '2024-01-29 10:40:33', 'Ulaz', 43),
	(255, 48, 14, '2024-05-18 23:14:02', 'Ulaz', 48),
	(256, 49, 14, '2024-09-22 13:16:57', 'Izlaz', 38),
	(257, 7, 14, '2024-04-22 12:53:41', 'Ulaz', 94),
	(258, 16, 14, '2024-06-10 05:24:21', 'Ulaz', 69),
	(259, 31, 14, '2024-10-23 22:54:23', 'Izlaz', 77),
	(260, 46, 14, '2024-10-29 09:36:57', 'Izlaz', 95),
	(261, 13, 14, '2023-12-03 14:42:30', 'Izlaz', 33),
	(262, 31, 14, '2024-06-16 06:34:08', 'Izlaz', 12),
	(263, 37, 14, '2023-12-13 19:47:24', 'Izlaz', 88),
	(264, 43, 14, '2024-07-23 07:21:22', 'Ulaz', 95),
	(265, 42, 14, '2024-09-21 15:43:15', 'Izlaz', 86),
	(266, 27, 14, '2024-11-02 19:42:47', 'Izlaz', 63),
	(267, 34, 14, '2024-06-12 11:11:29', 'Izlaz', 17),
	(268, 2, 14, '2024-06-28 01:34:06', 'Izlaz', 87),
	(269, 47, 14, '2024-08-03 18:56:17', 'Izlaz', 70),
	(270, 47, 14, '2024-10-17 04:46:35', 'Izlaz', 20),
	(271, 16, 14, '2024-04-09 20:54:25', 'Izlaz', 14),
	(272, 27, 14, '2024-08-30 15:33:02', 'Izlaz', 58),
	(273, 27, 14, '2023-12-16 12:08:42', 'Izlaz', 79),
	(274, 5, 14, '2024-09-12 13:49:56', 'Ulaz', 22),
	(275, 3, 14, '2024-07-25 21:57:59', 'Ulaz', 11),
	(276, 43, 14, '2024-08-06 18:12:36', 'Ulaz', 71),
	(277, 11, 14, '2024-07-25 04:25:22', 'Izlaz', 50),
	(278, 29, 14, '2024-05-05 09:30:21', 'Ulaz', 77),
	(279, 14, 14, '2024-09-13 16:15:50', 'Izlaz', 88),
	(280, 37, 14, '2024-05-13 07:20:16', 'Izlaz', 22),
	(281, 39, 14, '2024-05-26 05:25:31', 'Izlaz', 99),
	(282, 30, 14, '2024-01-26 23:30:20', 'Ulaz', 50),
	(283, 1, 14, '2024-11-09 12:59:38', 'Izlaz', 41),
	(284, 28, 14, '2024-05-29 03:02:48', 'Izlaz', 97),
	(285, 32, 14, '2024-03-07 01:28:39', 'Ulaz', 98),
	(286, 38, 14, '2024-11-10 01:06:45', 'Ulaz', 83),
	(287, 39, 14, '2023-12-04 16:58:46', 'Izlaz', 75),
	(288, 41, 14, '2023-12-11 00:29:50', 'Izlaz', 98),
	(289, 16, 14, '2023-11-30 20:57:12', 'Ulaz', 7),
	(290, 15, 14, '2024-07-27 21:17:11', 'Izlaz', 44),
	(291, 31, 14, '2023-12-28 02:09:49', 'Ulaz', 19),
	(292, 10, 14, '2024-02-12 08:22:46', 'Ulaz', 4),
	(293, 4, 14, '2024-05-05 03:45:09', 'Izlaz', 98),
	(294, 10, 14, '2024-08-17 14:04:04', 'Ulaz', 39),
	(295, 34, 14, '2024-07-03 16:09:14', 'Ulaz', 83),
	(296, 20, 14, '2023-12-11 03:18:08', 'Ulaz', 67),
	(297, 50, 14, '2024-08-27 23:13:38', 'Izlaz', 77),
	(298, 16, 14, '2024-03-31 01:12:53', 'Izlaz', 70),
	(299, 50, 14, '2023-12-15 07:40:51', 'Ulaz', 9),
	(300, 39, 14, '2024-03-20 17:58:27', 'Ulaz', 79),
	(301, 17, 14, '2024-03-13 14:52:41', 'Izlaz', 64),
	(302, 23, 14, '2024-03-02 23:49:35', 'Ulaz', 10),
	(303, 40, 14, '2024-04-10 00:46:57', 'Izlaz', 55),
	(304, 37, 14, '2024-01-01 04:50:44', 'Ulaz', 78),
	(305, 32, 14, '2024-02-05 12:18:30', 'Ulaz', 4),
	(306, 15, 14, '2024-03-21 08:52:22', 'Izlaz', 94),
	(307, 43, 14, '2024-10-16 10:25:20', 'Ulaz', 58),
	(308, 25, 14, '2023-12-07 06:03:45', 'Izlaz', 51),
	(309, 23, 14, '2024-02-09 18:55:59', 'Izlaz', 47),
	(310, 14, 14, '2024-10-22 20:45:42', 'Ulaz', 57),
	(311, 11, 14, '2024-01-14 21:36:59', 'Ulaz', 77),
	(312, 7, 14, '2024-01-19 16:49:28', 'Ulaz', 36),
	(313, 20, 14, '2024-09-30 13:47:28', 'Izlaz', 46),
	(314, 7, 14, '2024-05-31 05:09:12', 'Ulaz', 98),
	(315, 34, 14, '2024-04-19 03:23:27', 'Ulaz', 49),
	(316, 46, 14, '2024-03-24 02:58:03', 'Izlaz', 57),
	(317, 50, 14, '2024-09-27 12:32:36', 'Ulaz', 54),
	(318, 20, 14, '2024-07-02 11:30:11', 'Izlaz', 100),
	(319, 31, 14, '2024-08-07 22:57:43', 'Izlaz', 44),
	(320, 20, 14, '2024-07-05 00:06:51', 'Ulaz', 24),
	(321, 39, 14, '2024-10-26 16:30:58', 'Izlaz', 79),
	(322, 12, 14, '2024-07-30 18:25:42', 'Ulaz', 62),
	(323, 14, 14, '2024-04-26 02:57:39', 'Izlaz', 62),
	(324, 3, 14, '2024-02-02 12:05:55', 'Izlaz', 29),
	(325, 29, 14, '2024-05-20 20:41:33', 'Ulaz', 62),
	(326, 37, 14, '2024-10-20 07:24:32', 'Izlaz', 14),
	(327, 38, 14, '2024-08-04 10:58:18', 'Izlaz', 92),
	(328, 2, 14, '2024-02-26 09:35:27', 'Ulaz', 79),
	(329, 42, 14, '2024-10-02 17:12:33', 'Ulaz', 79),
	(330, 12, 14, '2024-11-19 02:08:16', 'Izlaz', 32),
	(331, 37, 14, '2024-09-29 23:22:16', 'Ulaz', 17),
	(332, 26, 14, '2024-09-30 13:00:55', 'Izlaz', 41),
	(333, 14, 14, '2024-02-20 13:30:30', 'Izlaz', 1),
	(334, 10, 14, '2024-01-01 16:28:58', 'Ulaz', 2),
	(335, 19, 14, '2024-10-25 19:33:48', 'Izlaz', 83),
	(336, 23, 14, '2024-09-28 03:08:05', 'Ulaz', 71),
	(337, 40, 14, '2024-09-29 20:02:11', 'Ulaz', 38),
	(338, 44, 14, '2024-10-19 00:44:28', 'Izlaz', 65),
	(339, 18, 14, '2024-09-01 06:33:51', 'Ulaz', 97),
	(340, 50, 14, '2024-02-17 22:44:18', 'Ulaz', 77),
	(341, 13, 14, '2024-10-27 03:13:02', 'Izlaz', 23),
	(342, 4, 14, '2024-02-14 21:27:16', 'Izlaz', 94),
	(343, 31, 14, '2023-12-25 14:19:22', 'Ulaz', 6),
	(344, 34, 14, '2024-01-24 20:01:29', 'Izlaz', 54),
	(345, 42, 14, '2024-06-09 02:19:02', 'Izlaz', 75),
	(346, 13, 14, '2024-06-14 16:14:18', 'Ulaz', 100),
	(347, 18, 14, '2024-02-19 19:36:23', 'Ulaz', 20),
	(348, 1, 14, '2024-09-03 06:25:33', 'Ulaz', 95),
	(349, 49, 14, '2024-08-21 05:43:52', 'Ulaz', 20),
	(350, 31, 14, '2024-08-05 04:28:42', 'Ulaz', 2),
	(351, 26, 14, '2024-03-28 03:25:43', 'Ulaz', 28),
	(352, 33, 14, '2024-03-31 02:55:45', 'Izlaz', 69),
	(353, 13, 14, '2024-06-10 13:09:44', 'Ulaz', 62),
	(354, 39, 14, '2024-11-12 06:58:11', 'Ulaz', 53),
	(355, 15, 14, '2024-09-27 22:17:05', 'Ulaz', 22),
	(356, 4, 14, '2024-04-28 15:17:09', 'Ulaz', 79),
	(357, 4, 14, '2024-03-05 06:24:41', 'Ulaz', 15),
	(358, 28, 14, '2024-02-17 06:07:52', 'Izlaz', 41),
	(359, 3, 14, '2024-03-21 16:50:59', 'Izlaz', 7),
	(360, 27, 14, '2024-03-17 04:42:48', 'Ulaz', 51),
	(361, 28, 14, '2024-07-05 01:17:30', 'Izlaz', 6),
	(362, 8, 14, '2024-04-26 14:35:32', 'Ulaz', 35),
	(363, 22, 14, '2024-10-08 13:25:27', 'Ulaz', 99),
	(364, 30, 14, '2024-10-25 00:15:49', 'Ulaz', 56),
	(365, 33, 14, '2024-05-23 04:52:22', 'Izlaz', 15),
	(366, 2, 14, '2023-12-08 02:20:48', 'Izlaz', 5),
	(367, 44, 14, '2024-08-02 15:15:25', 'Ulaz', 87),
	(368, 9, 14, '2024-06-28 09:36:12', 'Ulaz', 60),
	(369, 24, 14, '2024-07-06 21:54:49', 'Ulaz', 53),
	(370, 31, 14, '2023-11-28 14:38:36', 'Izlaz', 93),
	(371, 19, 14, '2024-03-31 00:12:22', 'Ulaz', 65),
	(372, 34, 14, '2024-04-14 22:12:15', 'Ulaz', 29),
	(373, 17, 14, '2024-10-31 12:47:07', 'Izlaz', 46),
	(374, 11, 14, '2024-02-18 14:45:20', 'Izlaz', 7),
	(375, 49, 14, '2024-08-25 18:21:12', 'Izlaz', 90),
	(376, 17, 14, '2023-12-29 07:01:02', 'Izlaz', 37),
	(377, 48, 14, '2023-12-30 20:23:48', 'Ulaz', 82),
	(378, 50, 14, '2024-04-18 18:43:26', 'Izlaz', 67),
	(379, 46, 14, '2024-06-11 19:10:39', 'Ulaz', 94),
	(380, 40, 14, '2024-01-25 06:52:34', 'Izlaz', 63),
	(381, 24, 14, '2024-11-23 08:35:46', 'Ulaz', 17),
	(382, 38, 14, '2024-10-22 09:08:56', 'Izlaz', 60),
	(383, 49, 14, '2024-08-10 17:57:27', 'Izlaz', 67),
	(384, 24, 14, '2024-02-27 23:06:34', 'Izlaz', 67),
	(385, 28, 14, '2024-07-25 04:34:44', 'Ulaz', 21),
	(386, 33, 14, '2024-06-12 14:53:22', 'Ulaz', 29),
	(387, 46, 14, '2024-04-03 15:26:05', 'Izlaz', 65),
	(388, 2, 14, '2024-11-02 15:48:31', 'Izlaz', 100),
	(389, 35, 14, '2024-02-18 18:30:01', 'Izlaz', 53),
	(390, 9, 14, '2024-04-25 01:43:33', 'Ulaz', 49),
	(391, 38, 14, '2024-07-31 21:55:53', 'Izlaz', 61),
	(392, 37, 14, '2024-01-11 08:00:19', 'Ulaz', 76),
	(393, 48, 14, '2024-01-04 07:57:50', 'Ulaz', 41),
	(394, 20, 14, '2024-09-26 22:29:30', 'Ulaz', 30),
	(395, 8, 14, '2024-01-14 11:40:48', 'Izlaz', 99),
	(396, 10, 14, '2024-11-16 00:27:55', 'Ulaz', 95),
	(397, 50, 14, '2024-11-19 09:00:17', 'Izlaz', 64),
	(398, 43, 14, '2023-11-28 04:33:25', 'Izlaz', 22),
	(399, 2, 14, '2024-04-26 00:55:47', 'Ulaz', 84),
	(400, 13, 14, '2024-01-21 16:53:15', 'Ulaz', 14),
	(401, 44, 14, '2023-12-30 20:12:27', 'Izlaz', 35),
	(402, 45, 14, '2024-01-25 11:58:00', 'Ulaz', 70),
	(403, 50, 14, '2024-07-11 23:58:03', 'Ulaz', 11),
	(404, 46, 14, '2024-03-31 22:58:02', 'Ulaz', 57),
	(405, 34, 14, '2024-09-07 23:56:50', 'Ulaz', 51),
	(406, 33, 14, '2024-10-25 09:35:12', 'Ulaz', 31),
	(407, 6, 14, '2024-01-04 16:58:45', 'Ulaz', 71),
	(408, 14, 14, '2024-05-14 20:01:07', 'Izlaz', 80),
	(409, 41, 14, '2024-10-03 12:26:41', 'Izlaz', 62),
	(410, 8, 14, '2023-11-27 03:47:20', 'Izlaz', 64),
	(411, 40, 14, '2024-08-02 02:04:57', 'Izlaz', 83),
	(412, 13, 14, '2024-03-26 13:20:48', 'Izlaz', 90),
	(413, 4, 14, '2023-12-10 13:59:50', 'Izlaz', 88),
	(414, 3, 14, '2024-10-20 17:52:16', 'Izlaz', 23),
	(415, 28, 14, '2024-05-01 19:15:12', 'Izlaz', 79),
	(416, 43, 14, '2024-01-18 08:20:44', 'Izlaz', 96),
	(417, 40, 14, '2024-11-21 06:11:42', 'Izlaz', 39),
	(418, 15, 14, '2024-01-27 10:32:35', 'Ulaz', 67),
	(419, 39, 14, '2024-06-21 03:14:52', 'Izlaz', 67),
	(420, 22, 14, '2024-08-30 07:18:41', 'Ulaz', 74),
	(421, 36, 14, '2024-11-07 03:03:13', 'Ulaz', 9),
	(422, 34, 14, '2024-01-27 18:37:28', 'Ulaz', 22),
	(423, 20, 14, '2024-09-10 14:59:12', 'Ulaz', 84),
	(424, 21, 14, '2024-11-10 20:22:45', 'Ulaz', 72),
	(425, 41, 14, '2024-05-30 02:14:40', 'Ulaz', 82),
	(426, 28, 14, '2024-06-14 17:34:32', 'Ulaz', 68),
	(427, 49, 14, '2024-08-14 17:02:11', 'Ulaz', 69),
	(428, 23, 14, '2024-05-09 17:36:58', 'Ulaz', 66),
	(429, 32, 14, '2024-01-12 16:41:04', 'Izlaz', 51),
	(430, 6, 14, '2024-04-22 21:33:32', 'Ulaz', 67),
	(431, 2, 14, '2024-02-19 11:14:46', 'Ulaz', 83),
	(432, 33, 14, '2024-01-01 02:17:50', 'Ulaz', 1),
	(433, 32, 14, '2024-07-31 12:45:46', 'Izlaz', 90),
	(434, 24, 14, '2023-12-01 22:19:56', 'Izlaz', 67),
	(435, 26, 14, '2024-11-25 12:46:48', 'Izlaz', 59),
	(436, 43, 14, '2024-06-15 19:53:18', 'Izlaz', 35),
	(437, 45, 14, '2024-01-14 04:47:31', 'Izlaz', 98),
	(438, 28, 14, '2024-07-05 14:02:54', 'Ulaz', 83),
	(439, 37, 14, '2024-04-03 12:22:07', 'Izlaz', 19),
	(440, 18, 14, '2024-10-30 06:54:01', 'Ulaz', 99),
	(441, 14, 14, '2023-12-27 05:53:07', 'Ulaz', 11),
	(442, 3, 14, '2024-08-20 07:16:52', 'Ulaz', 56),
	(443, 19, 14, '2024-10-04 10:49:47', 'Izlaz', 84),
	(444, 46, 14, '2024-03-28 10:46:36', 'Ulaz', 35),
	(445, 35, 14, '2024-06-09 11:52:49', 'Ulaz', 42),
	(446, 21, 14, '2024-06-02 20:27:24', 'Ulaz', 83),
	(447, 40, 14, '2024-07-26 19:59:52', 'Ulaz', 18),
	(448, 22, 14, '2024-11-07 22:33:42', 'Izlaz', 88),
	(449, 23, 14, '2024-04-14 09:12:08', 'Ulaz', 75),
	(450, 26, 14, '2023-12-04 04:27:42', 'Ulaz', 90),
	(451, 16, 14, '2024-11-10 00:06:36', 'Ulaz', 47),
	(452, 24, 14, '2024-06-13 05:19:28', 'Ulaz', 36),
	(453, 16, 14, '2024-06-04 04:36:35', 'Izlaz', 33),
	(454, 5, 14, '2024-06-24 12:55:05', 'Izlaz', 4),
	(455, 45, 14, '2024-09-15 23:46:51', 'Ulaz', 63),
	(456, 16, 14, '2024-02-05 11:11:11', 'Ulaz', 92),
	(457, 6, 14, '2024-02-24 17:44:17', 'Ulaz', 65),
	(458, 19, 14, '2023-11-30 02:28:41', 'Izlaz', 4),
	(459, 23, 14, '2024-07-05 08:48:11', 'Izlaz', 19),
	(460, 44, 14, '2024-06-09 11:06:27', 'Ulaz', 45),
	(461, 34, 14, '2023-12-20 05:19:55', 'Ulaz', 52),
	(462, 31, 14, '2024-09-18 05:29:58', 'Izlaz', 31),
	(463, 15, 14, '2024-10-02 02:51:12', 'Ulaz', 31),
	(464, 15, 14, '2024-04-14 07:33:07', 'Izlaz', 83),
	(465, 30, 14, '2024-01-29 21:46:46', 'Ulaz', 82),
	(466, 19, 14, '2024-06-27 04:24:05', 'Izlaz', 63),
	(467, 18, 14, '2023-12-23 08:11:46', 'Ulaz', 13),
	(468, 10, 14, '2023-12-25 17:14:43', 'Ulaz', 31),
	(469, 12, 14, '2024-04-25 08:05:09', 'Izlaz', 89),
	(470, 15, 14, '2023-12-18 12:01:01', 'Izlaz', 64),
	(471, 36, 14, '2024-07-02 23:24:03', 'Ulaz', 92),
	(472, 5, 14, '2024-04-19 03:33:50', 'Izlaz', 30),
	(473, 8, 14, '2024-04-02 00:18:12', 'Izlaz', 65),
	(474, 9, 14, '2024-02-29 18:02:40', 'Ulaz', 16),
	(475, 11, 14, '2024-05-02 04:53:49', 'Ulaz', 25),
	(476, 8, 14, '2024-01-22 23:17:01', 'Izlaz', 19),
	(477, 31, 14, '2024-06-27 17:52:40', 'Izlaz', 78),
	(478, 12, 14, '2024-01-04 18:22:59', 'Ulaz', 75),
	(479, 44, 14, '2024-02-10 07:26:22', 'Ulaz', 96),
	(480, 11, 14, '2024-11-18 18:30:49', 'Izlaz', 84),
	(481, 34, 14, '2024-02-10 01:17:46', 'Ulaz', 79),
	(482, 14, 14, '2024-10-18 15:00:27', 'Ulaz', 36),
	(483, 46, 14, '2024-01-24 17:55:21', 'Izlaz', 10),
	(484, 23, 14, '2024-05-27 06:39:34', 'Izlaz', 93),
	(485, 3, 14, '2024-07-20 10:03:22', 'Ulaz', 70),
	(486, 11, 14, '2024-02-15 00:40:05', 'Ulaz', 90),
	(487, 4, 14, '2024-02-18 09:50:14', 'Izlaz', 23),
	(488, 19, 14, '2024-05-22 01:20:53', 'Izlaz', 91),
	(489, 1, 14, '2024-04-12 19:32:11', 'Izlaz', 58),
	(490, 14, 14, '2023-12-05 08:20:59', 'Ulaz', 86),
	(491, 41, 14, '2024-06-22 08:02:38', 'Ulaz', 55),
	(492, 35, 14, '2024-03-24 17:47:40', 'Izlaz', 49),
	(493, 39, 14, '2023-12-26 09:00:38', 'Ulaz', 24),
	(494, 8, 14, '2024-09-23 08:49:25', 'Ulaz', 79),
	(495, 36, 14, '2024-09-30 08:22:57', 'Izlaz', 68),
	(496, 44, 14, '2024-08-22 15:45:10', 'Ulaz', 98),
	(497, 28, 14, '2024-03-08 01:55:17', 'Ulaz', 83),
	(498, 50, 14, '2024-08-05 09:30:17', 'Izlaz', 6),
	(499, 18, 14, '2024-09-27 18:30:28', 'Izlaz', 75),
	(500, 48, 14, '2024-03-02 02:44:01', 'Ulaz', 56),
	(501, 32, 14, '2024-08-13 21:36:17', 'Ulaz', 28),
	(502, 22, 14, '2024-04-23 13:17:42', 'Izlaz', 31),
	(503, 3, 14, '2024-11-11 09:59:10', 'Ulaz', 25),
	(504, 29, 14, '2023-12-03 11:35:01', 'Ulaz', 55),
	(505, 43, 14, '2023-12-13 12:11:01', 'Ulaz', 76),
	(506, 41, 14, '2024-02-16 21:31:17', 'Ulaz', 79),
	(507, 49, 14, '2024-07-19 11:23:06', 'Izlaz', 77),
	(508, 14, 14, '2024-08-27 07:50:37', 'Izlaz', 27),
	(509, 21, 14, '2024-01-05 18:31:38', 'Ulaz', 89),
	(510, 15, 14, '2024-04-22 09:34:57', 'Ulaz', 85),
	(511, 34, 14, '2024-10-10 23:52:18', 'Izlaz', 92),
	(512, 47, 14, '2024-03-18 02:28:01', 'Izlaz', 54),
	(513, 22, 14, '2024-08-15 05:25:31', 'Ulaz', 87),
	(514, 20, 14, '2024-05-29 13:18:26', 'Izlaz', 89),
	(515, 27, 14, '2024-05-27 01:21:36', 'Ulaz', 68),
	(516, 50, 14, '2023-12-12 12:09:00', 'Izlaz', 20),
	(517, 6, 14, '2024-08-20 23:58:37', 'Izlaz', 11),
	(518, 35, 14, '2024-02-02 13:13:22', 'Izlaz', 78),
	(519, 36, 14, '2024-03-05 21:51:20', 'Ulaz', 78),
	(520, 8, 14, '2024-09-20 03:37:37', 'Ulaz', 81),
	(521, 42, 14, '2024-04-14 05:24:36', 'Ulaz', 62),
	(522, 19, 14, '2024-06-28 08:14:16', 'Ulaz', 41),
	(523, 24, 14, '2024-01-22 08:27:49', 'Ulaz', 4),
	(524, 50, 14, '2024-05-02 12:06:16', 'Izlaz', 39),
	(525, 17, 14, '2024-04-09 13:29:54', 'Izlaz', 46),
	(526, 19, 14, '2024-03-22 07:11:17', 'Izlaz', 97),
	(527, 39, 14, '2024-03-21 08:19:11', 'Izlaz', 29),
	(528, 42, 14, '2024-02-09 19:25:30', 'Izlaz', 30),
	(529, 9, 14, '2024-06-18 23:17:17', 'Ulaz', 14),
	(530, 24, 14, '2023-12-24 01:12:30', 'Izlaz', 46),
	(531, 40, 14, '2023-12-24 11:59:23', 'Izlaz', 58),
	(532, 8, 14, '2024-06-13 04:27:49', 'Ulaz', 88),
	(533, 34, 14, '2024-04-21 04:37:43', 'Izlaz', 71),
	(534, 33, 14, '2024-10-24 02:17:45', 'Izlaz', 21),
	(535, 38, 14, '2024-02-01 09:08:27', 'Ulaz', 96),
	(536, 22, 14, '2023-12-09 21:02:18', 'Ulaz', 95),
	(537, 13, 14, '2024-10-27 12:06:04', 'Izlaz', 100),
	(538, 35, 14, '2024-08-16 10:54:43', 'Izlaz', 24),
	(539, 49, 14, '2024-06-19 18:56:00', 'Ulaz', 2),
	(540, 6, 14, '2024-11-02 14:08:02', 'Izlaz', 73),
	(541, 30, 14, '2024-04-16 19:36:48', 'Izlaz', 59),
	(542, 32, 14, '2024-04-29 12:11:46', 'Izlaz', 92),
	(543, 10, 14, '2024-07-20 06:18:13', 'Izlaz', 18),
	(544, 15, 14, '2024-05-23 22:03:10', 'Izlaz', 64),
	(545, 48, 14, '2024-05-16 01:48:15', 'Izlaz', 92),
	(546, 32, 14, '2024-06-22 01:18:27', 'Izlaz', 62),
	(547, 10, 14, '2024-03-14 09:31:27', 'Ulaz', 88),
	(548, 6, 14, '2024-11-06 10:39:39', 'Izlaz', 86),
	(549, 4, 14, '2024-02-14 06:39:06', 'Ulaz', 83),
	(550, 1, 14, '2023-11-29 06:59:05', 'Ulaz', 45),
	(551, 5, 14, '2024-03-20 21:45:32', 'Ulaz', 47),
	(552, 3, 14, '2024-09-02 18:01:47', 'Izlaz', 38),
	(553, 40, 14, '2023-12-06 18:38:32', 'Ulaz', 43),
	(554, 26, 14, '2024-04-15 01:15:19', 'Ulaz', 22),
	(555, 10, 14, '2024-04-05 17:52:50', 'Izlaz', 82),
	(556, 45, 14, '2024-09-14 07:15:19', 'Izlaz', 81),
	(557, 29, 14, '2024-01-24 07:16:54', 'Ulaz', 59),
	(558, 44, 14, '2024-10-11 05:40:11', 'Izlaz', 82),
	(559, 32, 14, '2024-02-26 23:05:38', 'Izlaz', 13),
	(560, 37, 14, '2024-04-16 22:37:21', 'Ulaz', 100),
	(561, 35, 14, '2024-06-05 16:37:15', 'Izlaz', 16),
	(562, 39, 14, '2024-02-06 19:32:02', 'Ulaz', 40),
	(563, 42, 14, '2024-08-25 05:31:43', 'Ulaz', 7),
	(564, 22, 14, '2024-03-25 18:49:16', 'Izlaz', 32),
	(565, 1, 14, '2024-10-03 17:28:40', 'Ulaz', 68),
	(566, 50, 14, '2024-01-03 11:20:54', 'Izlaz', 81),
	(567, 48, 14, '2024-04-24 14:25:36', 'Ulaz', 97),
	(568, 13, 14, '2024-07-20 04:01:17', 'Izlaz', 75),
	(569, 1, 14, '2024-06-09 19:27:53', 'Izlaz', 54),
	(570, 46, 14, '2024-01-23 14:25:03', 'Ulaz', 86),
	(571, 45, 14, '2024-08-28 19:32:19', 'Ulaz', 100),
	(572, 7, 14, '2024-02-18 03:20:53', 'Izlaz', 79),
	(573, 37, 14, '2023-12-14 01:30:07', 'Ulaz', 36),
	(574, 28, 14, '2024-10-13 17:27:07', 'Ulaz', 62),
	(575, 45, 14, '2024-05-29 13:44:59', 'Ulaz', 33),
	(576, 12, 14, '2024-02-26 10:55:40', 'Izlaz', 3),
	(577, 26, 14, '2024-03-15 00:51:16', 'Ulaz', 20),
	(578, 27, 14, '2023-12-03 08:46:45', 'Izlaz', 67),
	(579, 28, 14, '2024-01-07 12:25:40', 'Izlaz', 99),
	(580, 26, 14, '2024-04-26 07:09:45', 'Ulaz', 31),
	(581, 8, 14, '2024-09-29 05:32:19', 'Ulaz', 81),
	(582, 42, 14, '2024-09-05 08:36:13', 'Ulaz', 100),
	(583, 41, 14, '2024-04-15 09:11:41', 'Izlaz', 2),
	(584, 29, 14, '2023-11-29 06:16:46', 'Ulaz', 28),
	(585, 47, 14, '2023-12-05 18:52:39', 'Ulaz', 39),
	(586, 47, 14, '2023-12-12 17:35:34', 'Ulaz', 59),
	(587, 30, 14, '2024-07-23 01:42:50', 'Izlaz', 27),
	(588, 33, 14, '2024-01-13 10:20:17', 'Ulaz', 53),
	(589, 47, 14, '2024-01-28 09:03:42', 'Ulaz', 52),
	(590, 3, 14, '2024-08-06 13:18:24', 'Ulaz', 35),
	(591, 20, 14, '2024-11-19 10:48:55', 'Ulaz', 60),
	(592, 26, 14, '2024-02-02 07:58:28', 'Ulaz', 43),
	(593, 36, 14, '2024-06-27 02:26:31', 'Ulaz', 94),
	(594, 23, 14, '2024-01-02 08:33:39', 'Izlaz', 65),
	(595, 16, 14, '2024-08-10 09:48:32', 'Ulaz', 1),
	(596, 29, 14, '2024-11-01 03:19:51', 'Ulaz', 69),
	(597, 25, 14, '2024-08-27 13:17:53', 'Ulaz', 26),
	(598, 10, 14, '2024-09-06 07:56:06', 'Ulaz', 79),
	(599, 22, 14, '2024-11-24 01:34:52', 'Izlaz', 62),
	(600, 12, 14, '2024-10-09 15:55:49', 'Ulaz', 77),
	(601, 42, 14, '2024-06-20 17:36:14', 'Izlaz', 49),
	(602, 21, 14, '2024-06-22 20:41:21', 'Izlaz', 56),
	(603, 10, 14, '2024-02-11 20:32:19', 'Ulaz', 35),
	(604, 37, 14, '2024-04-12 05:28:08', 'Izlaz', 44),
	(605, 4, 14, '2024-06-20 13:05:08', 'Izlaz', 82),
	(606, 28, 14, '2024-06-16 21:04:42', 'Ulaz', 57),
	(607, 49, 14, '2024-11-25 12:52:17', 'Ulaz', 87),
	(608, 19, 14, '2024-11-11 11:59:23', 'Ulaz', 100),
	(609, 29, 14, '2024-02-20 06:48:01', 'Ulaz', 76),
	(610, 16, 14, '2024-07-06 05:20:16', 'Ulaz', 49),
	(611, 31, 14, '2023-12-16 17:18:04', 'Ulaz', 74),
	(612, 45, 14, '2024-02-20 22:22:21', 'Ulaz', 68),
	(613, 47, 14, '2024-03-06 07:43:18', 'Ulaz', 81),
	(614, 13, 14, '2024-06-06 00:28:45', 'Izlaz', 49),
	(615, 18, 14, '2024-05-07 10:25:18', 'Ulaz', 44),
	(616, 21, 14, '2024-01-20 09:51:07', 'Ulaz', 83),
	(617, 48, 14, '2024-05-18 16:03:09', 'Izlaz', 45),
	(618, 32, 14, '2024-10-11 15:11:47', 'Izlaz', 9),
	(619, 42, 14, '2024-10-27 08:52:33', 'Ulaz', 92),
	(620, 38, 14, '2024-10-14 12:04:36', 'Izlaz', 68),
	(621, 26, 14, '2024-05-05 04:03:15', 'Izlaz', 81),
	(622, 31, 14, '2024-02-09 18:58:10', 'Izlaz', 74),
	(623, 13, 14, '2024-03-10 19:27:10', 'Ulaz', 98),
	(624, 13, 14, '2024-04-21 11:17:30', 'Izlaz', 84),
	(625, 29, 14, '2024-02-14 04:41:36', 'Ulaz', 40),
	(626, 34, 14, '2024-07-05 17:15:53', 'Izlaz', 33),
	(627, 9, 14, '2023-12-03 05:39:41', 'Izlaz', 59),
	(628, 43, 14, '2024-07-11 06:33:25', 'Izlaz', 79),
	(629, 8, 14, '2024-07-15 11:59:00', 'Izlaz', 57),
	(630, 6, 14, '2024-11-08 16:45:35', 'Izlaz', 69),
	(631, 22, 14, '2024-09-02 13:31:22', 'Ulaz', 49),
	(632, 25, 14, '2024-04-19 07:14:30', 'Ulaz', 80),
	(633, 37, 14, '2024-08-04 11:52:20', 'Izlaz', 73),
	(634, 7, 14, '2024-04-30 02:09:28', 'Izlaz', 80),
	(635, 50, 14, '2024-10-22 09:16:05', 'Ulaz', 54),
	(636, 7, 14, '2024-02-20 14:15:46', 'Ulaz', 88),
	(637, 6, 14, '2024-02-06 15:30:30', 'Izlaz', 44),
	(638, 34, 14, '2024-11-02 15:29:48', 'Ulaz', 69),
	(639, 29, 14, '2024-01-07 09:18:33', 'Ulaz', 65),
	(640, 45, 14, '2024-01-08 18:02:00', 'Izlaz', 74),
	(641, 50, 14, '2024-05-07 08:36:58', 'Ulaz', 57),
	(642, 42, 14, '2024-11-15 02:11:49', 'Izlaz', 59),
	(643, 14, 14, '2024-06-20 18:39:04', 'Ulaz', 70),
	(644, 13, 14, '2024-05-15 03:10:57', 'Ulaz', 39),
	(645, 2, 14, '2024-07-24 05:02:59', 'Ulaz', 10),
	(646, 28, 14, '2024-03-19 19:51:48', 'Izlaz', 75),
	(647, 6, 14, '2024-07-02 00:24:55', 'Ulaz', 41),
	(648, 39, 14, '2024-09-20 21:03:34', 'Izlaz', 49),
	(649, 17, 14, '2024-10-29 09:49:08', 'Ulaz', 59),
	(650, 34, 14, '2024-05-17 18:00:41', 'Izlaz', 48),
	(651, 16, 14, '2024-05-15 21:42:46', 'Ulaz', 61),
	(652, 37, 14, '2024-06-04 01:47:04', 'Izlaz', 51),
	(653, 42, 14, '2024-07-17 16:40:07', 'Ulaz', 41),
	(654, 22, 14, '2023-12-23 14:57:16', 'Ulaz', 77),
	(655, 12, 14, '2024-03-07 22:27:58', 'Ulaz', 96),
	(656, 26, 14, '2024-09-17 16:53:27', 'Ulaz', 57),
	(657, 14, 14, '2024-02-23 02:44:46', 'Ulaz', 71),
	(658, 25, 14, '2024-07-09 07:01:21', 'Ulaz', 90),
	(659, 22, 14, '2024-05-06 19:56:16', 'Ulaz', 99),
	(660, 9, 14, '2024-08-03 09:08:59', 'Ulaz', 34),
	(661, 11, 14, '2024-06-24 05:31:14', 'Ulaz', 72),
	(662, 47, 14, '2023-12-06 03:13:14', 'Ulaz', 68),
	(663, 46, 14, '2024-01-03 22:45:53', 'Izlaz', 66),
	(664, 29, 14, '2024-10-03 23:41:47', 'Ulaz', 30),
	(665, 38, 14, '2024-01-14 20:20:34', 'Ulaz', 76),
	(666, 43, 14, '2024-05-08 17:14:59', 'Ulaz', 39),
	(667, 47, 14, '2024-02-03 08:16:56', 'Izlaz', 90),
	(668, 36, 14, '2024-10-10 01:50:32', 'Ulaz', 41),
	(669, 7, 14, '2024-02-02 23:50:53', 'Izlaz', 42),
	(670, 19, 14, '2023-12-19 18:30:56', 'Ulaz', 12),
	(671, 40, 14, '2024-05-06 08:51:01', 'Izlaz', 57),
	(672, 11, 14, '2024-03-30 14:47:02', 'Ulaz', 53),
	(673, 18, 14, '2024-04-14 08:49:14', 'Izlaz', 35),
	(674, 30, 14, '2024-05-05 00:30:52', 'Ulaz', 96),
	(675, 2, 14, '2024-07-30 21:45:23', 'Ulaz', 14),
	(676, 35, 14, '2024-04-22 19:19:22', 'Ulaz', 45),
	(677, 8, 14, '2024-09-01 02:42:26', 'Izlaz', 74),
	(678, 10, 14, '2024-02-29 07:26:58', 'Izlaz', 52),
	(679, 15, 14, '2024-01-06 12:03:26', 'Ulaz', 86),
	(680, 7, 14, '2024-04-05 08:22:36', 'Izlaz', 25),
	(681, 19, 14, '2024-03-02 01:14:31', 'Izlaz', 29),
	(682, 5, 14, '2024-04-05 05:16:52', 'Ulaz', 42),
	(683, 46, 14, '2024-05-01 19:21:56', 'Izlaz', 18),
	(684, 7, 14, '2024-07-26 04:34:12', 'Ulaz', 23),
	(685, 6, 14, '2024-03-23 21:16:31', 'Ulaz', 13),
	(686, 5, 14, '2024-02-10 21:46:03', 'Ulaz', 86),
	(687, 32, 14, '2023-11-29 10:12:32', 'Izlaz', 66),
	(688, 31, 14, '2024-09-13 19:54:20', 'Izlaz', 69),
	(689, 32, 14, '2024-06-17 03:36:24', 'Izlaz', 96),
	(690, 16, 14, '2024-09-20 08:34:57', 'Ulaz', 36),
	(691, 29, 14, '2023-12-24 10:33:48', 'Izlaz', 71),
	(692, 10, 14, '2024-02-16 13:34:08', 'Izlaz', 97),
	(693, 33, 14, '2024-11-08 22:28:56', 'Ulaz', 84),
	(694, 40, 14, '2024-10-28 18:33:34', 'Ulaz', 64),
	(695, 20, 14, '2024-06-13 10:12:24', 'Izlaz', 74),
	(696, 9, 14, '2024-07-21 12:12:02', 'Ulaz', 7),
	(697, 15, 14, '2024-06-06 20:19:35', 'Ulaz', 60),
	(698, 46, 14, '2024-05-10 11:42:13', 'Izlaz', 77),
	(699, 29, 14, '2023-12-16 07:51:33', 'Ulaz', 68),
	(700, 35, 14, '2024-08-30 18:49:04', 'Ulaz', 76),
	(701, 28, 14, '2024-09-08 19:59:41', 'Izlaz', 72),
	(702, 46, 14, '2024-03-01 07:33:18', 'Izlaz', 77),
	(703, 2, 14, '2024-06-29 15:36:26', 'Ulaz', 42),
	(704, 24, 14, '2024-01-02 14:04:32', 'Ulaz', 57),
	(705, 30, 14, '2024-10-29 05:37:28', 'Izlaz', 50),
	(706, 38, 14, '2023-12-20 18:03:17', 'Ulaz', 23),
	(707, 18, 14, '2024-02-03 00:15:30', 'Izlaz', 61),
	(708, 17, 14, '2024-05-27 02:02:06', 'Izlaz', 60),
	(709, 45, 14, '2024-08-13 09:23:18', 'Izlaz', 46),
	(710, 15, 14, '2024-06-24 17:39:06', 'Izlaz', 72),
	(711, 10, 14, '2023-12-17 18:24:45', 'Ulaz', 99),
	(712, 6, 14, '2024-01-01 22:40:42', 'Ulaz', 22),
	(713, 12, 14, '2024-11-15 08:28:04', 'Izlaz', 85),
	(714, 41, 14, '2024-03-10 21:29:06', 'Izlaz', 28),
	(715, 49, 14, '2024-06-26 14:41:51', 'Izlaz', 97),
	(716, 40, 14, '2024-02-12 14:07:57', 'Ulaz', 18),
	(717, 27, 14, '2024-11-11 02:04:26', 'Ulaz', 35),
	(718, 41, 14, '2024-09-17 20:10:54', 'Izlaz', 60),
	(719, 27, 14, '2024-09-09 15:09:19', 'Izlaz', 41),
	(720, 2, 14, '2024-04-07 01:06:10', 'Ulaz', 50),
	(721, 22, 14, '2024-02-04 21:36:07', 'Ulaz', 60),
	(722, 49, 14, '2024-10-22 18:00:04', 'Ulaz', 57),
	(723, 13, 14, '2024-03-11 02:03:53', 'Izlaz', 85),
	(724, 7, 14, '2024-04-13 13:10:38', 'Izlaz', 7),
	(725, 27, 14, '2024-03-22 13:25:37', 'Ulaz', 23),
	(726, 24, 14, '2024-11-12 05:47:18', 'Ulaz', 14),
	(727, 19, 14, '2024-01-05 21:07:42', 'Ulaz', 45),
	(728, 24, 14, '2024-05-26 22:09:23', 'Izlaz', 19),
	(729, 22, 14, '2024-11-13 12:57:30', 'Izlaz', 8),
	(730, 5, 14, '2023-12-07 07:03:43', 'Izlaz', 36),
	(731, 18, 14, '2024-09-29 13:56:04', 'Izlaz', 76),
	(732, 44, 14, '2024-07-01 14:53:10', 'Izlaz', 45),
	(733, 35, 14, '2024-07-17 04:49:21', 'Ulaz', 96),
	(734, 25, 14, '2024-08-30 08:14:05', 'Izlaz', 67),
	(735, 26, 14, '2024-06-17 08:16:39', 'Izlaz', 29),
	(736, 3, 14, '2024-05-22 02:29:06', 'Ulaz', 34),
	(737, 24, 14, '2024-07-04 02:04:27', 'Izlaz', 34),
	(738, 32, 14, '2024-10-06 04:05:55', 'Ulaz', 58),
	(739, 1, 14, '2024-07-18 12:51:19', 'Izlaz', 51),
	(740, 19, 14, '2024-07-23 08:22:27', 'Izlaz', 56),
	(741, 12, 14, '2024-02-03 11:16:46', 'Ulaz', 6),
	(742, 47, 14, '2024-03-02 10:18:12', 'Izlaz', 66),
	(743, 25, 14, '2024-07-10 12:20:58', 'Ulaz', 74),
	(744, 1, 14, '2024-01-05 00:51:31', 'Izlaz', 25),
	(745, 37, 14, '2024-11-14 21:06:39', 'Izlaz', 89),
	(746, 24, 14, '2024-07-04 07:11:45', 'Ulaz', 56),
	(747, 44, 14, '2024-04-28 07:31:07', 'Ulaz', 84),
	(748, 8, 14, '2024-10-15 07:40:42', 'Ulaz', 32),
	(749, 3, 14, '2024-11-18 17:26:59', 'Ulaz', 66),
	(750, 24, 14, '2024-11-02 18:23:16', 'Izlaz', 97),
	(751, 47, 14, '2023-12-22 21:02:41', 'Izlaz', 29),
	(752, 33, 14, '2023-12-16 18:06:17', 'Izlaz', 72),
	(753, 48, 14, '2023-12-05 09:08:05', 'Ulaz', 43),
	(754, 18, 14, '2023-12-03 11:08:42', 'Ulaz', 47),
	(755, 27, 14, '2024-10-01 21:31:02', 'Ulaz', 24),
	(756, 25, 14, '2024-10-09 04:32:38', 'Izlaz', 82),
	(757, 26, 14, '2024-11-03 12:57:19', 'Izlaz', 91),
	(758, 19, 14, '2024-02-20 12:12:58', 'Izlaz', 80),
	(759, 50, 14, '2024-07-16 21:12:37', 'Izlaz', 26),
	(760, 32, 14, '2024-10-26 01:21:05', 'Izlaz', 66),
	(761, 1, 14, '2024-11-07 12:53:33', 'Ulaz', 98),
	(762, 33, 14, '2024-09-18 07:43:02', 'Ulaz', 65),
	(763, 41, 14, '2024-06-24 15:54:47', 'Ulaz', 75),
	(764, 16, 14, '2024-05-30 19:38:39', 'Ulaz', 27),
	(765, 10, 14, '2024-04-26 13:32:29', 'Ulaz', 27),
	(766, 42, 14, '2024-11-14 06:20:17', 'Izlaz', 23),
	(767, 27, 14, '2024-09-01 05:10:39', 'Ulaz', 70),
	(768, 3, 14, '2024-01-27 02:08:12', 'Izlaz', 30),
	(769, 6, 14, '2024-08-30 21:24:41', 'Izlaz', 92),
	(770, 35, 14, '2024-04-17 09:56:02', 'Izlaz', 27),
	(771, 25, 14, '2024-10-21 16:15:04', 'Izlaz', 61),
	(772, 5, 14, '2024-03-13 16:25:21', 'Izlaz', 26),
	(773, 32, 14, '2024-06-20 09:17:48', 'Ulaz', 49),
	(774, 11, 14, '2024-06-18 14:59:26', 'Izlaz', 68),
	(775, 28, 14, '2024-06-10 06:44:09', 'Ulaz', 35),
	(776, 21, 14, '2024-07-09 14:58:10', 'Izlaz', 99),
	(777, 45, 14, '2024-06-04 04:16:24', 'Izlaz', 42),
	(778, 5, 14, '2024-01-23 13:54:31', 'Ulaz', 81),
	(779, 12, 14, '2024-06-17 07:58:51', 'Ulaz', 47),
	(780, 13, 14, '2024-06-21 21:25:22', 'Ulaz', 6),
	(781, 48, 14, '2024-11-13 21:24:53', 'Ulaz', 14),
	(782, 45, 14, '2023-12-01 22:20:23', 'Ulaz', 68),
	(783, 18, 14, '2024-10-17 15:36:11', 'Ulaz', 63),
	(784, 36, 14, '2024-02-12 03:22:36', 'Izlaz', 66),
	(785, 46, 14, '2024-06-11 12:30:03', 'Ulaz', 55),
	(786, 12, 14, '2024-05-15 06:23:40', 'Ulaz', 41),
	(787, 7, 14, '2024-08-10 14:50:46', 'Izlaz', 71),
	(788, 43, 14, '2024-01-14 17:30:18', 'Izlaz', 34),
	(789, 44, 14, '2024-05-17 13:32:14', 'Izlaz', 3),
	(790, 44, 14, '2024-04-10 10:07:03', 'Ulaz', 74),
	(791, 41, 14, '2024-09-05 23:50:37', 'Izlaz', 83),
	(792, 33, 14, '2024-09-07 06:01:04', 'Izlaz', 56),
	(793, 6, 14, '2024-07-18 06:51:02', 'Ulaz', 9),
	(794, 24, 14, '2024-01-01 23:21:27', 'Izlaz', 53),
	(795, 46, 14, '2023-12-16 19:45:31', 'Izlaz', 99),
	(796, 46, 14, '2024-08-22 10:51:44', 'Izlaz', 68),
	(797, 35, 14, '2024-11-21 21:09:36', 'Izlaz', 95),
	(798, 38, 14, '2024-10-11 22:14:13', 'Izlaz', 18),
	(799, 46, 14, '2024-03-27 16:55:39', 'Ulaz', 51),
	(800, 1, 14, '2024-02-25 19:50:32', 'Izlaz', 4),
	(801, 41, 14, '2024-06-17 20:31:14', 'Izlaz', 87),
	(802, 44, 14, '2024-09-24 12:45:37', 'Ulaz', 14),
	(803, 50, 14, '2023-12-07 23:35:54', 'Ulaz', 46),
	(804, 8, 14, '2024-03-02 09:08:29', 'Ulaz', 16),
	(805, 39, 14, '2024-02-19 22:04:00', 'Ulaz', 63),
	(806, 41, 14, '2024-07-12 21:34:45', 'Ulaz', 73),
	(807, 25, 14, '2023-12-26 15:28:32', 'Ulaz', 65),
	(808, 41, 14, '2024-08-30 01:33:45', 'Izlaz', 96),
	(809, 49, 14, '2023-11-27 03:06:23', 'Izlaz', 86),
	(810, 35, 14, '2024-09-11 02:53:54', 'Ulaz', 12),
	(811, 11, 14, '2024-07-31 23:31:12', 'Izlaz', 48),
	(812, 29, 14, '2024-09-18 10:09:23', 'Ulaz', 97),
	(813, 31, 14, '2024-08-24 11:17:22', 'Izlaz', 61),
	(814, 7, 14, '2024-01-24 07:45:05', 'Ulaz', 3),
	(815, 1, 14, '2023-12-04 12:52:01', 'Izlaz', 67),
	(816, 45, 14, '2024-02-17 17:09:55', 'Ulaz', 49),
	(817, 42, 14, '2024-05-24 13:55:20', 'Izlaz', 82),
	(818, 36, 14, '2023-11-28 23:14:45', 'Ulaz', 37),
	(819, 9, 14, '2024-10-02 19:14:40', 'Ulaz', 93),
	(820, 29, 14, '2024-09-07 10:40:22', 'Izlaz', 6),
	(821, 21, 14, '2024-05-11 19:23:58', 'Ulaz', 8),
	(822, 37, 14, '2024-11-17 20:12:18', 'Ulaz', 91),
	(823, 42, 14, '2024-03-26 11:38:58', 'Izlaz', 36),
	(824, 40, 14, '2024-09-27 11:07:03', 'Izlaz', 73),
	(825, 28, 14, '2024-09-05 01:05:39', 'Ulaz', 26),
	(826, 10, 14, '2024-11-03 20:34:04', 'Izlaz', 40),
	(827, 8, 14, '2024-08-09 17:23:22', 'Izlaz', 68),
	(828, 42, 14, '2024-09-06 07:02:04', 'Izlaz', 70),
	(829, 16, 14, '2024-05-15 04:34:57', 'Ulaz', 58),
	(830, 9, 14, '2024-09-30 14:13:12', 'Izlaz', 49),
	(831, 25, 14, '2024-01-06 12:49:55', 'Ulaz', 64),
	(832, 31, 14, '2024-07-17 04:18:12', 'Ulaz', 75),
	(833, 35, 14, '2024-02-11 03:48:32', 'Ulaz', 68),
	(834, 6, 14, '2024-09-23 00:26:57', 'Izlaz', 75),
	(835, 18, 14, '2024-07-20 05:49:25', 'Ulaz', 77),
	(836, 47, 14, '2024-02-16 11:00:18', 'Ulaz', 90),
	(837, 42, 14, '2024-03-09 14:15:06', 'Ulaz', 43),
	(838, 12, 14, '2023-12-22 21:35:55', 'Ulaz', 86),
	(839, 46, 14, '2024-10-10 23:11:47', 'Ulaz', 49),
	(840, 49, 14, '2024-08-27 05:04:56', 'Ulaz', 86),
	(841, 23, 14, '2024-10-06 03:01:51', 'Izlaz', 52),
	(842, 23, 14, '2024-04-02 15:53:22', 'Izlaz', 27),
	(843, 34, 14, '2024-06-18 15:53:20', 'Izlaz', 98),
	(844, 27, 14, '2024-04-01 16:10:13', 'Ulaz', 4),
	(845, 9, 14, '2024-03-30 00:42:43', 'Ulaz', 72),
	(846, 44, 14, '2024-11-15 08:30:50', 'Izlaz', 89),
	(847, 42, 14, '2024-03-08 07:52:27', 'Izlaz', 27),
	(848, 11, 14, '2024-01-16 04:58:20', 'Ulaz', 44),
	(849, 23, 14, '2024-07-31 16:25:15', 'Ulaz', 82),
	(850, 43, 14, '2024-05-27 15:47:15', 'Ulaz', 71),
	(851, 45, 14, '2024-05-18 18:30:35', 'Izlaz', 94),
	(852, 24, 14, '2024-05-08 06:04:43', 'Ulaz', 90),
	(853, 13, 14, '2024-04-24 14:40:02', 'Izlaz', 32),
	(854, 50, 14, '2023-12-06 21:42:18', 'Izlaz', 99),
	(855, 23, 14, '2024-04-10 23:53:02', 'Izlaz', 71),
	(856, 35, 14, '2024-06-20 21:54:07', 'Ulaz', 16),
	(857, 29, 14, '2024-04-14 15:16:55', 'Ulaz', 62),
	(858, 32, 14, '2024-04-11 13:30:22', 'Ulaz', 49),
	(859, 36, 14, '2024-02-09 03:50:59', 'Izlaz', 37),
	(860, 12, 14, '2024-10-31 03:02:16', 'Ulaz', 38),
	(861, 45, 14, '2024-07-17 10:52:33', 'Ulaz', 90),
	(862, 42, 14, '2024-03-10 03:55:57', 'Ulaz', 35),
	(863, 23, 14, '2024-10-24 16:51:04', 'Izlaz', 55),
	(864, 40, 14, '2024-08-10 18:12:19', 'Izlaz', 10),
	(865, 26, 14, '2024-05-26 22:36:45', 'Ulaz', 72),
	(866, 2, 14, '2024-05-25 10:13:24', 'Izlaz', 13),
	(867, 13, 14, '2024-04-25 10:48:43', 'Izlaz', 9),
	(868, 39, 14, '2024-09-09 21:33:05', 'Ulaz', 58),
	(869, 40, 14, '2024-02-28 17:57:57', 'Izlaz', 11),
	(870, 3, 14, '2024-11-22 09:04:52', 'Izlaz', 98),
	(871, 19, 14, '2024-10-24 10:37:17', 'Ulaz', 4),
	(872, 46, 14, '2024-03-18 09:23:12', 'Izlaz', 100),
	(873, 22, 14, '2024-02-16 06:22:00', 'Ulaz', 33),
	(874, 34, 14, '2024-10-08 00:45:03', 'Izlaz', 56),
	(875, 39, 14, '2024-04-18 00:00:11', 'Ulaz', 68),
	(876, 9, 14, '2024-04-14 11:01:43', 'Izlaz', 98),
	(877, 26, 14, '2024-11-05 08:08:43', 'Izlaz', 42),
	(878, 8, 14, '2024-07-03 13:16:06', 'Ulaz', 49),
	(879, 39, 14, '2024-02-08 19:20:05', 'Izlaz', 46),
	(880, 36, 14, '2024-03-30 18:47:42', 'Ulaz', 31),
	(881, 7, 14, '2024-09-21 16:07:04', 'Ulaz', 74),
	(882, 20, 14, '2024-08-19 02:42:53', 'Ulaz', 100),
	(883, 25, 14, '2024-08-14 12:06:32', 'Ulaz', 6),
	(884, 5, 14, '2024-06-14 13:26:27', 'Ulaz', 27),
	(885, 32, 14, '2024-11-03 14:50:42', 'Izlaz', 41),
	(886, 9, 14, '2024-07-14 13:54:41', 'Izlaz', 1),
	(887, 37, 14, '2024-08-26 13:57:59', 'Ulaz', 53),
	(888, 26, 14, '2023-12-17 10:10:12', 'Izlaz', 59),
	(889, 36, 14, '2024-09-28 17:15:46', 'Izlaz', 34),
	(890, 31, 14, '2024-01-26 10:07:36', 'Ulaz', 31),
	(891, 44, 14, '2023-12-04 10:46:21', 'Izlaz', 82),
	(892, 2, 14, '2024-08-05 08:45:35', 'Izlaz', 76),
	(893, 24, 14, '2024-06-26 01:08:57', 'Izlaz', 17),
	(894, 10, 14, '2024-03-11 07:22:49', 'Izlaz', 98),
	(895, 4, 14, '2024-09-11 09:50:16', 'Ulaz', 55),
	(896, 10, 14, '2024-01-12 12:45:06', 'Ulaz', 65),
	(897, 42, 14, '2024-02-10 22:57:39', 'Ulaz', 21),
	(898, 12, 14, '2024-06-04 19:31:26', 'Ulaz', 35),
	(899, 20, 14, '2024-09-22 12:51:02', 'Ulaz', 33),
	(900, 10, 14, '2024-06-04 18:54:36', 'Izlaz', 15),
	(901, 24, 14, '2024-11-11 03:25:20', 'Izlaz', 81),
	(902, 42, 14, '2024-09-07 11:10:12', 'Izlaz', 28),
	(903, 17, 14, '2024-09-27 15:48:43', 'Ulaz', 6),
	(904, 34, 14, '2024-02-01 03:37:01', 'Ulaz', 99),
	(905, 45, 14, '2024-03-29 13:34:02', 'Izlaz', 28),
	(906, 39, 14, '2024-09-04 17:44:14', 'Izlaz', 56),
	(907, 19, 14, '2024-02-29 14:01:47', 'Ulaz', 15),
	(908, 48, 14, '2024-04-30 17:01:44', 'Ulaz', 35),
	(909, 24, 14, '2024-08-03 01:24:02', 'Ulaz', 1),
	(910, 34, 14, '2024-07-16 07:03:56', 'Ulaz', 5),
	(911, 28, 14, '2024-04-11 04:27:58', 'Izlaz', 65),
	(912, 43, 14, '2024-04-15 17:53:41', 'Ulaz', 52),
	(913, 21, 14, '2024-07-23 05:43:06', 'Izlaz', 88),
	(914, 21, 14, '2024-06-21 20:29:39', 'Ulaz', 76),
	(915, 6, 14, '2024-03-01 02:37:57', 'Ulaz', 67),
	(916, 11, 14, '2024-10-18 16:46:51', 'Izlaz', 2),
	(917, 36, 14, '2024-09-28 09:59:15', 'Izlaz', 33),
	(918, 22, 14, '2024-08-14 05:23:38', 'Ulaz', 49),
	(919, 46, 14, '2024-01-28 15:51:04', 'Ulaz', 20),
	(920, 33, 14, '2024-09-20 15:30:32', 'Ulaz', 27),
	(921, 3, 14, '2024-06-23 15:29:39', 'Izlaz', 80),
	(922, 42, 14, '2024-06-02 06:05:25', 'Ulaz', 20),
	(923, 13, 14, '2024-08-31 12:39:42', 'Izlaz', 50),
	(924, 29, 14, '2024-01-22 23:58:02', 'Ulaz', 60),
	(925, 48, 14, '2024-02-16 20:25:41', 'Ulaz', 61),
	(926, 11, 14, '2024-07-11 09:39:27', 'Izlaz', 36),
	(927, 40, 14, '2023-12-17 13:51:06', 'Izlaz', 53),
	(928, 29, 14, '2024-01-29 06:33:09', 'Izlaz', 92),
	(929, 30, 14, '2024-08-08 18:53:26', 'Izlaz', 44),
	(930, 8, 14, '2024-09-30 22:54:28', 'Izlaz', 57),
	(931, 7, 14, '2023-11-30 02:17:39', 'Ulaz', 47),
	(932, 7, 14, '2023-12-30 08:52:12', 'Izlaz', 15),
	(933, 18, 14, '2024-04-29 06:16:35', 'Izlaz', 30),
	(934, 30, 14, '2024-08-12 05:00:52', 'Izlaz', 55),
	(935, 27, 14, '2024-01-16 23:53:11', 'Izlaz', 8),
	(936, 44, 14, '2024-01-17 19:48:24', 'Ulaz', 44),
	(937, 43, 14, '2024-11-20 13:15:12', 'Ulaz', 37),
	(938, 27, 14, '2024-01-18 20:16:45', 'Ulaz', 7),
	(939, 11, 14, '2024-05-26 16:13:33', 'Izlaz', 46),
	(940, 1, 14, '2024-08-31 16:07:56', 'Ulaz', 100),
	(941, 17, 14, '2024-08-21 10:47:19', 'Izlaz', 49),
	(942, 22, 14, '2024-05-22 19:34:13', 'Ulaz', 65),
	(943, 28, 14, '2024-06-16 23:56:07', 'Izlaz', 17),
	(944, 1, 14, '2024-11-07 13:35:01', 'Ulaz', 22),
	(945, 15, 14, '2024-11-05 22:09:15', 'Izlaz', 15),
	(946, 12, 14, '2024-07-11 05:02:11', 'Ulaz', 68),
	(947, 9, 14, '2024-06-22 21:22:51', 'Ulaz', 35),
	(948, 32, 14, '2024-02-29 04:10:45', 'Ulaz', 97),
	(949, 8, 14, '2024-05-31 06:36:48', 'Ulaz', 56),
	(950, 34, 14, '2024-02-17 09:55:31', 'Izlaz', 87),
	(951, 12, 14, '2024-06-29 00:42:36', 'Izlaz', 5),
	(952, 25, 14, '2024-03-07 03:04:49', 'Izlaz', 47),
	(953, 48, 14, '2024-10-15 22:35:28', 'Ulaz', 7),
	(954, 28, 14, '2024-01-30 21:43:01', 'Ulaz', 83),
	(955, 40, 14, '2024-02-15 13:18:20', 'Ulaz', 74),
	(956, 8, 14, '2024-03-24 00:25:56', 'Izlaz', 26),
	(957, 1, 14, '2024-08-17 02:50:08', 'Izlaz', 77),
	(958, 42, 14, '2024-10-17 18:27:44', 'Izlaz', 28),
	(959, 30, 14, '2024-05-19 12:14:48', 'Izlaz', 71),
	(960, 48, 14, '2024-09-19 16:20:53', 'Ulaz', 42),
	(961, 33, 14, '2024-05-21 22:44:08', 'Ulaz', 44),
	(962, 2, 14, '2024-06-19 13:23:59', 'Izlaz', 14),
	(963, 5, 14, '2024-10-31 08:46:07', 'Izlaz', 35),
	(964, 6, 14, '2024-06-12 03:06:29', 'Ulaz', 29),
	(965, 10, 14, '2024-01-20 22:17:56', 'Izlaz', 83),
	(966, 46, 14, '2024-09-27 07:18:41', 'Ulaz', 13),
	(967, 7, 14, '2024-04-01 07:19:38', 'Ulaz', 75),
	(968, 6, 14, '2024-03-01 06:50:41', 'Ulaz', 6),
	(969, 42, 14, '2024-03-31 02:52:05', 'Izlaz', 15),
	(970, 32, 14, '2023-12-18 18:40:06', 'Ulaz', 1),
	(971, 23, 14, '2023-12-29 20:40:48', 'Izlaz', 46),
	(972, 5, 14, '2024-06-21 06:37:25', 'Izlaz', 93),
	(973, 42, 14, '2023-11-29 18:03:51', 'Izlaz', 71),
	(974, 19, 14, '2024-10-21 05:38:38', 'Ulaz', 42),
	(975, 28, 14, '2024-08-21 16:47:13', 'Izlaz', 25),
	(976, 11, 14, '2024-11-23 22:32:39', 'Ulaz', 60),
	(977, 27, 14, '2024-07-31 12:44:47', 'Izlaz', 94),
	(978, 49, 14, '2024-01-30 07:00:50', 'Izlaz', 78),
	(979, 32, 14, '2024-01-30 05:58:19', 'Izlaz', 35),
	(980, 5, 14, '2024-11-09 08:38:02', 'Izlaz', 7),
	(981, 37, 14, '2024-05-08 04:36:15', 'Ulaz', 61),
	(982, 13, 14, '2024-07-16 16:05:57', 'Izlaz', 7),
	(983, 47, 14, '2023-12-14 12:13:18', 'Ulaz', 86),
	(984, 1, 14, '2023-12-25 05:13:45', 'Izlaz', 11),
	(985, 7, 14, '2024-06-13 04:36:08', 'Izlaz', 12),
	(986, 11, 14, '2024-01-12 11:50:38', 'Ulaz', 22),
	(987, 10, 14, '2024-02-08 02:50:08', 'Izlaz', 100),
	(988, 39, 14, '2024-01-12 02:48:48', 'Ulaz', 13),
	(989, 5, 14, '2023-12-21 15:45:27', 'Izlaz', 64),
	(990, 48, 14, '2024-11-02 00:35:36', 'Ulaz', 98),
	(991, 14, 14, '2024-10-01 04:11:58', 'Izlaz', 84),
	(992, 27, 14, '2024-08-18 21:18:28', 'Izlaz', 97),
	(993, 15, 14, '2024-07-25 16:25:43', 'Ulaz', 43),
	(994, 9, 14, '2024-05-15 09:23:44', 'Ulaz', 67),
	(995, 5, 14, '2024-05-14 05:39:13', 'Izlaz', 43),
	(996, 30, 14, '2024-10-28 10:07:39', 'Izlaz', 81),
	(997, 18, 14, '2024-06-19 04:16:14', 'Ulaz', 43),
	(998, 36, 14, '2024-06-24 03:20:46', 'Izlaz', 55),
	(999, 30, 14, '2024-09-02 18:05:21', 'Ulaz', 71),
	(1000, 6, 14, '2024-11-18 07:06:30', 'Izlaz', 96);

-- Dumping structure for table invesoft.role
CREATE TABLE IF NOT EXISTS `role` (
  `rolaID` int(10) unsigned NOT NULL AUTO_INCREMENT,
  `ime` varchar(64) NOT NULL,
  PRIMARY KEY (`rolaID`)
) ENGINE=InnoDB AUTO_INCREMENT=3 DEFAULT CHARSET=utf8mb4 COLLATE=utf8mb4_unicode_ci;

-- Dumping data for table invesoft.role: ~2 rows (approximately)
INSERT INTO `role` (`rolaID`, `ime`) VALUES
	(1, 'Administrator'),
	(2, 'Radnik');

-- Dumping structure for table invesoft.zalihe
CREATE TABLE IF NOT EXISTS `zalihe` (
  `zalihaID` int(10) unsigned NOT NULL AUTO_INCREMENT,
  `proizvodID` int(10) unsigned NOT NULL,
  `kolicina` int(10) unsigned NOT NULL,
  PRIMARY KEY (`zalihaID`),
  KEY `fk_zalihe_proizvodID` (`proizvodID`),
  CONSTRAINT `fk_zalihe_proizvodID` FOREIGN KEY (`proizvodID`) REFERENCES `proizvodi` (`proizvodID`) ON UPDATE CASCADE
) ENGINE=InnoDB AUTO_INCREMENT=55 DEFAULT CHARSET=utf8mb4 COLLATE=utf8mb4_unicode_ci;

-- Dumping data for table invesoft.zalihe: ~50 rows (approximately)
INSERT INTO `zalihe` (`zalihaID`, `proizvodID`, `kolicina`) VALUES
	(1, 1, 290),
	(2, 2, 270),
	(3, 3, 87),
	(4, 4, 84),
	(5, 5, 72),
	(6, 6, 91),
	(7, 7, 180),
	(8, 8, 330),
	(9, 9, 50),
	(10, 10, 82),
	(11, 11, 67),
	(12, 12, 32),
	(13, 13, 71),
	(14, 14, 62),
	(15, 15, 68),
	(16, 16, 84),
	(17, 17, 16),
	(18, 18, 50),
	(19, 19, 75),
	(20, 20, 77),
	(21, 21, 13),
	(22, 22, 86),
	(23, 23, 95),
	(24, 24, 4),
	(25, 25, 76),
	(26, 26, 88),
	(27, 27, 85),
	(28, 28, 8),
	(29, 29, 72),
	(30, 30, 87),
	(31, 31, 78),
	(32, 32, 58),
	(33, 33, 12),
	(34, 34, 24),
	(35, 35, 59),
	(36, 36, 30),
	(37, 37, 36),
	(38, 38, 90),
	(39, 39, 81),
	(40, 40, 45),
	(41, 41, 37),
	(42, 42, 25),
	(43, 43, 31),
	(44, 44, 83),
	(45, 45, 67),
	(46, 46, 57),
	(47, 47, 65),
	(48, 48, 56),
	(49, 49, 50),
	(50, 50, 20);

/*!40103 SET TIME_ZONE=IFNULL(@OLD_TIME_ZONE, 'system') */;
/*!40101 SET SQL_MODE=IFNULL(@OLD_SQL_MODE, '') */;
/*!40014 SET FOREIGN_KEY_CHECKS=IFNULL(@OLD_FOREIGN_KEY_CHECKS, 1) */;
/*!40101 SET CHARACTER_SET_CLIENT=@OLD_CHARACTER_SET_CLIENT */;
/*!40111 SET SQL_NOTES=IFNULL(@OLD_SQL_NOTES, 1) */;
